Date,Open,High,Low,Close,Volume
9/14/2010,89.832,90.39,89.43,90.006,68023
9/15/2010,89.64,90.304,89.447,90.233,10629
9/16/2010,89.988,90.251,89.71,90.197,68209
9/17/2010,90.74,90.74,89.988,90.286,56797
9/20/2010,90.618,91.753,90.374,91.753,21759
9/21/2010,91.736,92.103,91.09,91.475,22077
9/22/2010,91.334,91.753,90.812,90.985,20775
9/23/2010,90.251,91.143,90.076,90.233,38189
9/24/2010,90.793,91.631,90.722,91.577,28164
9/27/2010,91.702,91.702,91.143,91.143,17223
9/28/2010,91.124,91.736,90.338,91.736,57074
9/29/2010,91.351,91.649,91.038,91.301,18189
9/30/2010,91.888,92.309,90.818,91.166,51184
10/1/2010,91.787,91.859,90.985,91.475,18514
10/4/2010,91.945,91.945,90.407,90.704,101544
10/5/2010,91.736,92.764,91.56,92.698,22709
10/6/2010,92.698,92.837,92.261,92.54,316985
10/7/2010,93.023,93.023,91.997,92.487,57091
10/8/2010,92.609,93.237,92.296,93.183,71606
10/11/2010,93.218,93.321,92.837,93.023,16233
10/12/2010,92.922,93.683,92.364,93.578,48105
10/13/2010,93.972,94.569,93.683,94.136,85194
10/14/2010,94.08,94.175,93.293,93.774,21837
10/15/2010,94.373,94.411,93.218,93.953,57925
10/18/2010,94.011,94.712,93.851,94.628,26158
10/19/2010,93.594,94.062,92.609,93.134,44129
10/20/2010,93.414,94.477,93.414,94.136,26101
10/21/2010,94.56,94.994,93.746,94.268,33621
10/22/2010,94.477,94.515,94.288,94.496,28312
10/25/2010,95.127,95.461,94.731,94.77,33842
10/26/2010,94.268,94.828,94.23,94.751,17147
10/27/2010,94.119,94.524,93.663,94.458,19582
10/28/2010,94.994,95.049,94.136,94.524,22014
10/29/2010,94.431,94.702,94.336,94.599,15466
11/1/2010,95.137,95.584,94.136,94.646,58961
11/2/2010,95.413,95.584,95.087,95.393,29855
11/3/2010,95.584,95.795,94.609,95.795,36442
11/4/2010,96.864,97.665,96.728,97.587,56057
11/5/2010,97.744,98.086,97.568,97.969,47289
11/8/2010,97.724,97.9,97.397,97.842,49683
11/9/2010,97.989,98.086,96.777,97.074,40837
11/10/2010,97.094,97.499,96.375,97.455,32258
11/11/2010,96.68,97.201,96.453,97.124,27445
11/12/2010,96.433,96.824,95.555,95.922,41100
11/15/2010,96.357,96.54,95.776,95.853,232084
11/16/2010,95.231,95.231,93.88,94.298,37556
11/17/2010,94.392,94.731,94.156,94.373,48541
11/18/2010,95.279,96.007,95.279,95.776,29832
11/19/2010,95.661,96.025,95.25,95.987,23203
11/22/2010,95.584,95.902,94.844,95.902,28999
11/23/2010,94.828,94.891,94.268,94.56,163017
11/24/2010,95.155,95.892,95.155,95.795,34425
11/26/2010,95.174,95.565,95.049,95.25,26932
11/29/2010,94.646,95.355,94.039,95.155,52609
11/30/2010,94.307,95.097,94.184,94.505,105221
12/1/2010,96.007,96.728,95.977,96.62,38130
12/2/2010,96.728,97.92,96.728,97.88,69379
12/3/2010,97.548,98.237,97.538,98.128,182436
12/6/2010,97.969,98.207,97.823,98.008,73400
12/7/2010,99.011,99.031,98.008,98.038,124749
12/8/2010,98.187,98.493,97.793,98.454,79014
12/9/2010,99.011,99.011,98.414,98.802,62750
12/10/2010,99.121,99.489,98.902,99.409,78340
12/13/2010,99.86,99.96,99.429,99.469,88179
12/14/2010,99.69,99.9,99.28,99.52,68287
12/15/2010,99.359,99.76,98.922,99.071,49908
12/16/2010,99.2,99.72,98.802,99.66,69367
12/17/2010,99.6,99.88,99.429,99.78,54998
12/20/2010,100.04,100.21,99.56,100,83083
12/21/2010,100.33,100.72,100.25,100.61,87183
12/22/2010,100.76,100.98,100.66,100.98,123876
12/23/2010,100.84,100.91,100.59,100.82,65676
12/27/2010,99.98,100.47,99.93,100.43,82162
12/28/2010,100.64,100.64,100.27,100.53,64804
12/29/2010,100.73,100.83,100.62,100.62,61328
12/30/2010,100.54,100.67,100.35,100.46,90287
12/31/2010,100.23,100.57,100.16,100.57,128624
1/3/2011,101.24,101.91,101.24,101.52,136438
1/4/2011,101.82,101.82,100.9,101.44,124021
1/5/2011,101.2,102.03,101.08,101.97,821673
1/6/2011,102.06,102.14,101.52,101.8,82902
1/7/2011,101.91,102.08,100.88,101.6,76654
1/10/2011,101.22,101.58,100.88,101.5,142482
1/11/2011,101.91,102.06,101.44,101.84,150756
1/12/2011,102.47,102.84,102.28,102.74,122847
1/13/2011,102.8,102.85,102.33,102.6,109953
1/14/2011,102.45,103.36,102.43,103.33,189998
1/18/2011,103.29,103.58,103.12,103.51,223098
1/19/2011,103.45,103.51,102.2,102.47,128148
1/20/2011,102.26,102.53,101.61,102.35,118394
1/21/2011,102.95,103.2,102.49,102.6,114096
1/24/2011,102.55,103.26,102.53,103.22,521858
1/25/2011,102.89,103.26,102.37,103.18,259309
1/26/2011,103.45,103.9,103.28,103.72,125068
1/27/2011,103.67,104.04,103.49,103.86,340285
1/28/2011,103.99,104.14,101.93,101.97,229119
1/31/2011,102.4,102.89,102.15,102.82,160887
2/1/2011,103.49,104.62,103.4,104.4,168745
2/2/2011,104.15,104.51,104.15,104.25,104130
2/3/2011,104.13,104.64,103.51,104.5,82668
2/4/2011,104.5,104.84,104.11,104.79,102121
2/7/2011,105.09,105.8,105.05,105.45,135100
2/8/2011,105.59,105.97,105.35,105.95,175682
2/9/2011,105.68,105.95,105.22,105.68,159851
2/10/2011,105.17,105.83,104.96,105.71,143330
2/11/2011,105.39,106.49,105.31,106.37,137420
2/14/2011,106.33,106.68,106.2,106.63,105549
2/15/2011,106.33,106.43,106.04,106.25,94034
2/16/2011,106.65,107.09,106.53,106.95,107948
2/18/2011,107.43,107.63,107.17,107.53,107410
2/22/2011,106.35,106.91,105.03,105.31,330137
2/23/2011,105.26,105.49,104.04,104.71,315922
2/24/2011,104.51,104.96,103.65,104.6,276191
2/25/2011,105.03,105.8,104.99,105.75,121728
2/28/2011,106.12,106.5,105.84,106.37,238516
3/1/2011,106.82,106.84,104.54,104.54,269418
3/2/2011,104.46,105.31,104.37,104.85,201841
3/3/2011,105.77,106.79,105.77,106.65,156185
3/4/2011,106.61,106.61,105.17,105.87,192935
3/7/2011,106.16,106.35,104.46,104.94,177638
3/8/2011,105.19,106.24,104.79,105.93,121706
3/9/2011,105.69,106.04,105.26,105.8,137208
3/10/2011,104.71,104.71,103.74,103.86,306635
3/11/2011,103.41,104.94,103.41,104.54,153796
3/14/2011,103.92,104.17,103.13,103.96,167247
3/15/2011,101.17,103.28,101,102.8,404561
3/16/2011,102.43,102.69,100.13,100.84,389526
3/17/2011,102.32,102.56,101.54,102.1,201675
3/18/2011,103.41,103.41,102.32,102.54,146593
3/21/2011,103.75,104.28,103.66,104.09,156073
3/22/2011,104.02,104.21,103.68,103.72,157735
3/23/2011,103.53,104.32,103.02,104.06,233669
3/24/2011,104.66,105.15,104.13,105.03,126824
3/25/2011,105.26,105.8,105.11,105.35,109764
3/28/2011,105.62,105.86,105.09,105.13,189903
3/29/2011,104.99,105.84,104.67,105.8,126423
3/30/2011,106.35,106.82,106.28,106.51,120257
3/31/2011,106.43,106.65,106.25,106.37,145305
4/1/2011,107.08,107.36,106.6,106.88,80528
4/4/2011,107.09,107.28,106.62,106.94,74487
4/5/2011,106.65,107.34,106.65,106.94,233895
4/6/2011,107.48,107.5,106.86,107.25,162814
4/7/2011,107.1,107.5,106.48,107.06,122312
4/8/2011,107.5,107.52,106.19,106.63,98985
4/11/2011,106.77,107.08,106.1,106.28,159121
4/12/2011,105.74,105.82,105.13,105.51,119381
4/13/2011,106.04,106.08,105.13,105.55,210931
4/14/2011,104.92,105.74,104.54,105.56,89616
4/15/2011,105.74,106.2,105.49,105.93,90894
4/18/2011,104.67,104.94,103.93,104.77,173163
4/19/2011,104.96,105.42,104.69,105.42,89883
4/20/2011,106.67,107.04,106.58,106.84,197410
4/21/2011,107.39,107.39,107,107.32,228232
4/25/2011,107.28,107.41,106.9,107.21,112788
4/26/2011,107.59,108.36,107.52,108.13,96911
4/27/2011,108.42,109.03,107.92,108.85,82974
4/28/2011,108.73,109.34,108.69,109.2,75445
4/29/2011,109.25,109.57,109.18,109.49,112990
5/2/2011,109.98,110.06,109.09,109.26,149061
5/3/2011,109.13,109.26,108.36,108.93,76019
5/4/2011,108.91,108.91,107.73,108.16,122198
5/5/2011,107.59,108.24,106.73,107.23,112749
5/6/2011,108.28,108.81,107.3,107.73,158012
5/9/2011,107.74,108.44,107.56,108.16,75331
5/10/2011,108.47,109.23,108.38,109.07,200053
5/11/2011,108.93,108.93,107.42,107.9,198744
5/12/2011,107.64,108.58,107.08,108.49,129432
5/13/2011,108.53,108.54,107.23,107.55,144019
5/16/2011,107.23,107.94,106.71,106.88,129298
5/17/2011,106.43,106.94,106.1,106.86,162284
5/18/2011,106.97,107.9,106.77,107.85,84788
5/19/2011,108.2,108.32,107.6,107.99,306057
5/20/2011,107.81,107.92,107.06,107.26,108753
5/23/2011,105.91,106.32,105.64,106.01,155218
5/24/2011,106.32,106.48,105.75,105.91,102126
5/25/2011,105.43,106.6,105.43,106.26,70972
5/26/2011,105.99,106.88,105.77,106.67,73439
5/27/2011,107.04,107.41,106.94,107.16,54234
5/31/2011,108.19,108.24,107.42,108.22,196591
6/1/2011,107.96,107.96,105.77,105.82,252969
6/2/2011,105.91,106.1,105.14,105.7,241378
6/3/2011,104.4,105.45,104.4,104.67,169139
6/6/2011,104.46,104.56,103.48,103.58,129058
6/7/2011,103.99,104.35,103.42,103.44,232128
6/8/2011,103.28,103.61,102.89,103.02,99783
6/9/2011,103.34,104.22,103.08,103.79,49380
6/10/2011,103.4,103.42,102.14,102.34,121637
6/13/2011,102.57,102.86,101.95,102.41,88776
6/14/2011,103.37,104.12,103.37,103.74,85920
6/15/2011,102.9,103.16,101.7,101.94,90825
6/16/2011,101.96,102.58,101.38,102.13,75260
6/17/2011,103.1,103.12,102.13,102.4,66980
6/20/2011,102.09,103.16,102.07,102.98,61156
6/21/2011,103.47,104.54,103.4,104.37,150942
6/22/2011,104.12,104.63,103.71,103.76,120854
6/23/2011,102.52,103.44,101.79,103.42,297168
6/24/2011,103.44,103.47,102.11,102.27,129807
6/27/2011,102.34,103.53,102.13,103.14,88278
6/28/2011,103.59,104.49,103.47,104.45,67448
6/29/2011,105.01,105.55,104.62,105.41,142135
6/30/2011,105.76,106.54,105.64,106.4,141558
7/1/2011,106.44,108.08,106.28,107.99,158233
7/5/2011,107.92,108.08,107.58,107.82,104170
7/6/2011,107.63,108.12,107.36,107.99,107563
7/7/2011,108.97,109.41,108.79,109.18,221573
7/8/2011,107.92,108.43,107.59,108.43,119763
7/11/2011,107.08,107.44,106.19,106.42,105186
7/12/2011,106.21,107.07,105.95,105.95,150150
7/13/2011,106.52,107.42,106.09,106.32,147065
7/14/2011,106.6,107.03,105.39,105.62,63368
7/15/2011,106.21,106.32,105.49,106.21,45869
7/18/2011,105.76,105.82,104.52,105.31,106565
7/19/2011,105.94,107.11,105.88,107.03,264554
7/20/2011,107.36,107.38,106.83,107.03,102908
7/21/2011,107.58,108.67,107.38,108.45,265650
7/22/2011,108.45,108.63,107.92,108.54,102325
7/25/2011,107.47,108.45,107.4,107.92,208254
7/26/2011,107.84,107.99,107.29,107.47,157435
7/27/2011,106.87,106.91,105.19,105.33,533381
7/28/2011,105.29,106.23,104.89,105.03,191811
7/29/2011,104.01,105.24,103.55,104.22,220667
8/1/2011,105.62,105.64,102.88,103.85,494399
8/2/2011,103.12,103.6,101.2,101.26,293025
8/3/2011,101.36,101.88,99.64,101.77,431578
8/4/2011,100.4,100.48,96.844,96.999,571822
8/5/2011,98.227,98.464,94.288,96.786,610646
8/8/2011,93.481,95.441,90.41,90.588,896397
8/9/2011,92.314,94.692,88.984,94.637,657551
8/10/2011,92.988,93.73,90.358,90.534,457179
8/11/2011,91.257,95.853,91.046,94.505,1042598
8/12/2011,95.661,96.106,94.618,95.26,348385
8/15/2011,96.192,97.329,95.977,97.21,175752
8/16/2011,96.309,97.309,95.441,96.395,299159
8/17/2011,96.981,97.694,95.756,96.502,182054
8/18/2011,93.972,94.08,91.47,92.493,594331
8/19/2011,91.134,93.301,90.728,90.728,292243
8/22/2011,92.865,92.912,90.623,90.8,279455
8/23/2011,91.275,93.972,90.819,93.935,342438
8/24/2011,93.746,95.298,93.518,95.221,171245
8/25/2011,95.863,96.27,93.124,93.793,333613
8/26/2011,93.164,95.479,91.715,95.031,223965
8/29/2011,96.413,97.832,96.327,97.793,180277
8/30/2011,97.435,98.674,96.68,97.979,147326
8/31/2011,98.734,99.56,97.783,98.484,243772
9/1/2011,98.532,99.469,97.474,97.528,311777
9/2/2011,95.555,95.947,94.682,94.994,99284
9/6/2011,92.337,94.448,92.303,94.326,155521
9/7/2011,95.815,97.009,95.498,96.991,226476
9/8/2011,96.405,97.509,95.834,95.987,131160
9/9/2011,94.921,95.174,92.978,93.452,197569
9/12/2011,92.314,94.136,92.015,94.136,183001
9/13/2011,94.431,95.279,93.793,94.901,219432
9/14/2011,95.461,97.378,94.23,96.309,464683
9/15/2011,97.289,97.96,96.482,97.9,145932
9/16/2011,98.267,98.802,97.607,98.503,89571
9/19/2011,96.844,97.96,96.27,97.577,53850
9/20/2011,97.979,98.872,97.378,97.416,175234
9/21/2011,97.528,97.744,94.467,94.467,157621
9/22/2011,91.876,92.581,90.269,91.506,476908
9/23/2011,90.9,92.496,90.849,91.929,371245
9/26/2011,92.856,94.288,91.611,94.166,218588
9/27/2011,96.152,96.893,94.741,95.25,696437
9/28/2011,95.498,95.967,93.173,93.351,222480
9/29/2011,94.941,95.279,92.355,94.02,134540
9/30/2011,92.717,93.518,91.657,91.78,206702
10/3/2011,91.239,92.285,88.968,88.968,375622
10/4/2011,87.905,91.166,87.106,90.918,322121
10/5/2011,91.221,92.941,90.441,92.726,316910
10/6/2011,92.67,94.524,91.999,94.515,658369
10/7/2011,95.012,95.012,93.255,93.783,707254
10/10/2011,95.535,96.962,95.461,96.962,189668
10/11/2011,96.433,97.289,96.299,96.922,747936
10/12/2011,97.773,98.96,97.548,97.813,574209
10/13/2011,97.269,97.92,96.55,97.674,410505
10/14/2011,98.862,99.359,98.354,99.29,477562
10/17/2011,98.842,98.96,97.21,97.435,349178
10/18/2011,97.397,100.06,96.64,99.379,292194
10/19/2011,99.2,99.73,97.88,98.138,121663
10/20/2011,98.424,98.842,97.174,98.574,76893
10/21/2011,99.75,100.56,99.53,100.47,98333
10/24/2011,100.69,101.94,100.58,101.75,156224
10/25/2011,101.24,101.24,99.53,99.78,115446
10/26/2011,100.87,101.14,99.131,100.75,208713
10/27/2011,103.55,104.89,102.67,104.22,349822
10/28/2011,103.77,104.42,103.64,104.33,782292
10/31/2011,102.94,103.16,101.67,101.67,75824
11/1/2011,98.802,100.04,98.554,98.96,187306
11/2/2011,100.42,100.87,99.61,100.5,75633
11/3/2011,101.6,102.57,100.22,102.37,115781
11/4/2011,101.66,101.89,100.55,101.79,126793
11/7/2011,101.56,102.43,100.76,102.37,89605
11/8/2011,102.94,103.75,101.98,103.6,153039
11/9/2011,101.29,101.72,99.67,99.86,278379
11/10/2011,101.17,101.26,99.86,100.76,137357
11/11/2011,102,102.94,101.98,102.73,149598
11/14/2011,102.33,102.39,101.28,101.73,405460
11/15/2011,101.46,102.79,101.18,102.26,453581
11/16/2011,101.26,102.26,100.47,100.61,88683
11/17/2011,100.42,100.67,98.354,99.011,1116440
11/18/2011,99.329,99.479,98.522,98.862,212158
11/21/2011,97.455,97.587,96.182,97.084,266902
11/22/2011,96.814,97.359,96.098,96.572,296936
11/23/2011,95.766,95.785,94.515,94.524,280902
11/25/2011,94.336,95.393,94.25,94.25,85316
11/28/2011,96.874,97.378,96.337,97.064,175427
11/29/2011,97.319,97.979,96.991,97.359,152182
11/30/2011,100.12,101.51,99.86,101.35,478691
12/1/2011,101.2,101.83,100.93,101.28,121024
12/2/2011,102.31,102.57,101.2,101.22,143549
12/5/2011,102.85,103.11,101.72,102.31,219348
12/6/2011,102.3,103.03,101.98,102.41,76206
12/7/2011,102.06,103.13,101.4,102.76,97615
12/8/2011,101.98,102.18,100.25,100.51,105392
12/9/2011,100.97,102.45,100.91,102.22,994919
12/12/2011,101.33,101.33,99.89,100.76,143406
12/13/2011,101.29,101.75,99.31,99.8,183608
12/14/2011,99.359,99.75,98.522,98.674,1065924
12/15/2011,99.77,99.86,98.922,99.051,93098
12/16/2011,99.77,100.27,99.001,99.131,1669147
12/19/2011,99.57,99.75,97.92,98.118,512146
12/20/2011,99.63,101.22,99.63,101.05,162199
12/21/2011,100.99,101.42,100.2,101.35,205981
12/22/2011,101.7,102.3,101.53,102.3,1623823
12/23/2011,102.54,103.19,102.36,103.12,287497
12/27/2011,102.91,105.25,102.89,103.23,435700
12/28/2011,103.23,103.23,101.77,101.96,202088
12/29/2011,102.22,105.4,102.15,102.88,290430
12/30/2011,102.86,103.08,102.47,102.47,285077
1/3/2012,104.28,104.77,104.01,104.01,182969
1/4/2012,103.87,104.3,103.43,104.18,502712
1/5/2012,103.72,104.62,103.19,104.5,284186
1/6/2012,104.62,104.62,103.9,104.31,187078
1/9/2012,104.48,104.56,103.96,104.46,198396
1/10/2012,105.57,105.74,105.23,105.36,292815
1/11/2012,105.08,105.56,104.86,105.47,228441
1/12/2012,105.72,105.82,104.88,105.7,226721
1/13/2012,104.98,105.25,104.2,105.25,164992
1/17/2012,106.13,106.31,105.31,105.55,363521
1/18/2012,105.55,106.71,105.35,106.71,192945
1/19/2012,107.05,107.35,106.79,107.29,251690
1/20/2012,107.13,107.35,106.84,107.29,386970
1/23/2012,107.29,107.9,106.92,107.4,146791
1/24/2012,106.75,107.31,106.56,107.24,227656
1/25/2012,107.11,108.41,106.71,108.17,164235
1/26/2012,108.71,108.83,107.19,107.62,154218
1/27/2012,107.08,107.73,107.05,107.49,116685
1/30/2012,106.49,107.22,106.13,107.13,369553
1/31/2012,107.74,107.84,106.67,107.07,176501
2/1/2012,107.92,108.59,107.79,108.08,110993
2/2/2012,108.32,108.53,107.88,108.31,160349
2/3/2012,109.37,109.82,109.16,109.82,250150
2/6/2012,109.35,109.71,109.18,109.67,118944
2/7/2012,109.49,110.18,109.08,110,184115
2/8/2012,110.06,110.34,109.6,110.25,202868
2/9/2012,110.53,110.65,109.82,110.38,290318
2/10/2012,109.42,109.69,109.22,109.6,138425
2/13/2012,110.43,110.61,109.97,110.47,258281
2/14/2012,110.16,110.36,109.57,110.3,153141
2/15/2012,110.72,110.84,109.58,109.8,210827
2/16/2012,109.8,111.09,109.62,111.02,491640
2/17/2012,111.39,111.41,110.91,111.26,677336
2/21/2012,111.57,111.81,111.02,111.33,849995
2/22/2012,111.18,111.37,110.84,110.99,214019
2/23/2012,110.96,111.55,110.59,111.5,367776
2/24/2012,111.74,111.93,111.48,111.67,182667
2/27/2012,111,112.22,110.82,111.87,300222
2/28/2012,111.97,112.31,111.74,112.27,159063
2/29/2012,112.43,112.75,111.59,111.65,257352
3/1/2012,112.07,112.61,111.67,112.42,135835
3/2/2012,112.36,112.46,111.81,112.08,160094
3/5/2012,111.87,111.91,111.18,111.59,748768
3/6/2012,110.44,110.5,109.61,109.85,460833
3/7/2012,110.2,110.9,110.13,110.74,88987
3/8/2012,111.4,112.03,111.15,111.8,284309
3/9/2012,112.05,112.54,111.91,112.23,171461
3/12/2012,112.27,112.42,111.87,112.29,195801
3/13/2012,112.91,114.33,112.73,114.3,215332
3/14/2012,114.35,114.57,113.85,114.22,795894
3/15/2012,114.37,114.88,114.07,114.8,562354
3/16/2012,115.09,115.15,114.79,114.95,305203
3/19/2012,114.96,115.82,114.84,115.44,161144
3/20/2012,114.82,115.26,114.5,115.12,1469499
3/21/2012,115.18,115.29,114.7,114.94,181713
3/22/2012,114.09,114.39,113.77,114.05,709836
3/23/2012,114.23,114.55,113.56,114.51,125475
3/26/2012,115.29,116.05,115.29,116.05,226567
3/27/2012,116.2,116.27,115.67,115.73,640138
3/28/2012,115.69,115.83,114.51,115.17,224716
3/29/2012,114.47,115.11,114.02,114.97,2915357
3/30/2012,115.5,115.6,114.9,115.33,274965
4/2/2012,115.35,116.57,115.12,116.27,418203
4/3/2012,116.06,116.3,115.13,115.83,372568
4/4/2012,114.91,115.03,114.27,114.6,427465
4/5/2012,114.29,114.93,114.16,114.62,703257
4/9/2012,113.15,113.75,113.01,113.31,475374
4/10/2012,113.08,113.38,111.27,111.31,438202
4/11/2012,112.61,112.74,112.12,112.25,192911
4/12/2012,112.38,113.84,112.36,113.79,117765
4/13/2012,113.51,113.51,112.32,112.44,2697486
4/16/2012,113.02,113.15,111.93,112.3,922850
4/17/2012,113.02,114.25,112.96,114.02,555222
4/18/2012,113.52,114,113.42,113.62,469588
4/19/2012,113.66,114.06,112.4,112.89,927715
4/20/2012,113.4,113.77,113.02,113.06,125094
4/23/2012,111.93,112.23,111.44,112.1,362673
4/24/2012,112.25,112.82,112.18,112.54,523783
4/25/2012,113.64,114.14,113.56,114.1,191693
4/26/2012,113.9,115.03,113.79,114.88,175308
4/27/2012,115.29,115.41,114.62,115.12,196658
4/30/2012,114.88,114.91,114.37,114.59,276327
5/1/2012,114.64,116.11,114.51,115.36,588804
5/2/2012,114.73,115.15,114.34,115.01,172139
5/3/2012,115.11,115.13,113.96,114.17,197545
5/4/2012,113.56,113.64,112.27,112.3,407555
5/7/2012,111.89,112.77,111.86,112.4,1105322
5/8/2012,111.74,112.1,110.66,111.89,449834
5/9/2012,110.76,111.97,110.24,111.26,417110
5/10/2012,112.12,112.16,111.29,111.46,145174
5/11/2012,110.85,112.18,110.8,111.12,407687
5/14/2012,110.07,110.71,109.77,109.93,1063904
5/15/2012,109.81,110.5,109.16,109.33,1710450
5/16/2012,109.75,110.22,108.87,108.87,369801
5/17/2012,108.91,109.03,107.21,107.21,213995
5/18/2012,107.65,107.86,106.22,106.37,848635
5/21/2012,106.64,108.21,106.52,108.15,303080
5/22/2012,108.49,109.21,107.67,108.39,730405
5/23/2012,107.59,108.54,106.53,108.39,196464
5/24/2012,108.71,108.87,107.71,108.59,88853
5/25/2012,108.61,108.87,108.05,108.33,375417
5/29/2012,109.21,109.77,108.83,109.57,342203
5/30/2012,108.69,108.73,107.77,107.99,903500
5/31/2012,107.99,108.53,106.86,107.73,473398
6/1/2012,106.04,106.4,105.04,105.1,716452
6/4/2012,105.22,105.51,104.24,105.06,238380
6/5/2012,104.8,105.92,104.75,105.66,281607
6/6/2012,106.53,108.22,106.48,108.2,236117
6/7/2012,109.41,109.43,108.02,108.18,224338
6/8/2012,108.04,109.13,107.6,109.08,245021
6/11/2012,110.01,110.05,107.61,107.74,339972
6/12/2012,108.02,109.01,107.53,109.01,187831
6/13/2012,108.63,109.25,107.88,108.29,162250
6/14/2012,108.49,109.83,108.27,109.47,2434642
6/15/2012,109.85,110.62,109.66,110.47,255831
6/18/2012,110.09,111.01,109.81,110.71,538494
6/19/2012,111.26,112.27,111.2,111.81,195508
6/20/2012,111.84,112.16,110.85,111.62,263046
6/21/2012,111.79,111.82,109.07,109.18,173433
6/22/2012,109.71,110.17,109.31,109.95,318985
6/25/2012,108.86,108.86,107.81,108.22,273546
6/26/2012,108.52,109.08,107.91,108.75,391652
6/27/2012,109.13,109.93,109.08,109.69,334293
6/28/2012,109.03,109.55,108.2,109.45,190682
6/29/2012,111.4,112.24,111.12,112.19,338619
7/2/2012,112.51,112.63,111.71,112.51,287225
7/3/2012,112.51,113.29,112.38,113.21,178792
7/5/2012,112.89,113.21,112.34,112.75,342976
7/6/2012,111.65,111.85,111.11,111.69,531096
7/9/2012,111.61,111.69,111.02,111.54,197385
7/10/2012,112.1,112.22,110.17,110.54,357815
7/11/2012,110.6,110.89,109.93,110.56,221692
7/12/2012,109.91,110.5,109.27,109.95,480433
7/13/2012,110.31,111.94,110.31,111.84,533647
7/16/2012,111.57,111.9,111.18,111.57,182480
7/17/2012,112.04,112.61,110.91,112.4,325777
7/18/2012,112.11,113.4,112.03,113.19,269665
7/19/2012,113.46,113.84,113.08,113.48,573463
7/20/2012,112.85,113.01,112.36,112.45,673837
7/23/2012,110.81,111.61,110.31,111.29,501249
7/24/2012,111.38,111.38,109.61,110.45,592551
7/25/2012,110.64,110.89,109.79,110.37,565228
7/26/2012,112.02,112.43,111.45,112.17,457908
7/27/2012,112.82,114.58,112.64,114.32,1001437
7/30/2012,114.17,114.8,113.93,114.28,386722
7/31/2012,114.15,114.45,113.53,113.53,756747
8/1/2012,114.28,114.3,113.21,113.4,584474
8/2/2012,112.61,113.34,111.75,112.64,530836
8/3/2012,114.24,115.06,114.16,114.82,266307
8/6/2012,115.18,115.51,115.04,115.13,607510
8/7/2012,115.55,116.12,115.51,115.65,422109
8/8/2012,115.26,115.91,115.26,115.77,357519
8/9/2012,115.67,116.11,115.51,115.89,400381
8/10/2012,115.46,116.12,115.24,116.07,373531
8/13/2012,115.88,116.05,115.4,115.98,366243
8/14/2012,116.42,116.48,115.7,116.04,507348
8/15/2012,115.96,116.34,115.89,116.16,236443
8/16/2012,116.3,117.2,116.05,116.97,702141
8/17/2012,117.24,117.32,116.91,117.26,394531
8/20/2012,117.08,117.24,116.7,117.22,319830
8/21/2012,117.48,117.92,116.59,116.83,337638
8/22/2012,116.51,117.05,116.26,116.85,388658
8/23/2012,116.63,116.63,115.74,115.93,177590
8/24/2012,115.7,116.89,115.59,116.64,456262
8/27/2012,116.97,117.1,116.49,116.64,246051
8/28/2012,116.37,116.91,116.18,116.53,214699
8/29/2012,116.63,116.95,116.3,116.64,196408
8/30/2012,116.11,116.12,115.55,115.77,165377
8/31/2012,116.44,116.87,115.72,116.37,894212
9/4/2012,116.3,116.55,115.5,116.07,386133
9/5/2012,116.32,116.59,115.92,116.07,463005
9/6/2012,116.85,118.46,116.85,118.46,289974
9/7/2012,118.7,118.99,118.58,118.99,569779
9/10/2012,118.88,119.08,118.22,118.25,208093
9/11/2012,118.39,119.01,118.31,118.59,386811
9/12/2012,119.08,119.15,118.65,118.99,322727
9/13/2012,119.04,121.23,118.86,120.86,371997
9/14/2012,121.1,122.08,121.03,121.4,950200
9/17/2012,121.16,121.34,120.66,121.02,375673
9/18/2012,120.81,121.03,120.58,120.89,240838
9/19/2012,121.05,121.35,120.71,120.99,441334
9/20/2012,120.39,121.03,120.05,120.97,498028
9/21/2012,121.57,121.57,120.87,120.89,1437845
9/24/2012,120.3,120.99,120.21,120.71,541069
9/25/2012,121.01,121.22,119.46,119.5,317978
9/26/2012,119.4,119.46,118.44,118.74,193891
9/27/2012,119.3,120.15,118.99,119.89,648247
9/28/2012,119.46,119.8,118.97,119.38,291491
10/1/2012,119.75,120.71,119.4,119.57,545186
10/2/2012,120.11,120.28,119.24,119.72,301489
10/3/2012,120.08,120.52,119.48,120.21,164756
10/4/2012,120.71,121.26,120.56,121.16,250279
10/5/2012,121.74,121.96,120.75,121.12,277505
10/8/2012,120.69,120.89,120.48,120.73,154326
10/9/2012,120.61,120.67,119.48,119.57,397698
10/10/2012,119.46,119.57,118.6,118.76,322507
10/11/2012,119.57,119.74,118.83,118.83,481811
10/12/2012,118.87,119.3,118.17,118.4,555797
10/15/2012,118.7,119.51,118.32,119.44,399114
10/16/2012,119.95,120.71,119.91,120.61,927016
10/17/2012,120.71,121.3,120.58,121.2,180609
10/18/2012,120.85,121.45,120.44,120.87,234064
10/19/2012,120.61,120.61,118.56,118.81,390586
10/22/2012,118.66,119.06,117.91,118.89,556148
10/23/2012,117.6,117.71,116.74,117.17,573260
10/24/2012,117.58,117.77,116.7,116.89,403910
10/25/2012,117.75,117.9,116.51,117.24,536276
10/26/2012,117.11,117.52,116.36,117.15,339204
10/31/2012,117.62,117.7,116.59,117.03,648065
11/1/2012,117.45,118.48,117.37,118.38,350852
11/2/2012,119.12,119.12,117.26,117.35,997135
11/5/2012,117.17,117.81,116.84,117.58,410078
11/6/2012,117.9,118.93,117.81,118.44,303882
11/7/2012,117.45,117.45,115.27,115.88,1151085
11/8/2012,115.85,116.36,114.33,114.33,904943
11/9/2012,114.07,115.56,113.99,114.47,1140772
11/12/2012,114.9,115.03,114.37,114.61,198453
11/13/2012,113.99,115.38,113.85,114.22,484619
11/14/2012,114.56,114.69,112.41,112.82,375632
11/15/2012,112.72,113.1,112.03,112.39,679777
11/16/2012,112.67,113.22,111.68,112.96,445611
11/19/2012,114.3,115.31,114.25,115.27,369223
11/20/2012,115.14,115.53,114.45,115.38,407297
11/21/2012,115.46,115.68,115.25,115.64,158878
11/23/2012,116.16,117.2,116.07,117.13,201772
11/26/2012,116.59,116.97,116.19,116.97,438276
11/27/2012,116.8,117.2,116.22,116.38,325769
11/28/2012,115.86,117.33,115.24,117.3,279873
11/29/2012,117.73,118.15,117.24,117.79,323852
11/30/2012,117.84,118.02,117.44,117.67,427918
12/3/2012,118.32,118.42,117.17,117.3,449478
12/4/2012,117.26,117.56,116.74,117.07,269191
12/5/2012,117.22,117.79,116.37,117.33,283792
12/6/2012,117.22,117.73,117.07,117.66,132427
12/7/2012,118.15,118.26,117.47,118.03,326232
12/10/2012,117.9,118.36,117.84,118.1,255955
12/11/2012,118.6,119.46,118.54,118.87,648366
12/12/2012,119.44,119.81,118.85,118.97,390588
12/13/2012,118.95,119.24,117.93,118.21,391892
12/14/2012,117.97,118.18,117.6,117.84,349094
12/17/2012,118.08,119.28,118.08,119.28,505034
12/18/2012,119.42,120.63,119.24,120.46,886502
12/19/2012,120.69,120.69,119.59,119.59,1681500
12/20/2012,119.69,120.33,119.42,120.31,2057024
12/21/2012,118.68,119.46,118.54,119.22,785494
12/24/2012,118.6,118.6,118.29,118.43,283900
12/26/2012,118.65,118.73,117.61,117.87,428823
12/27/2012,117.94,118.18,116.42,117.76,788485
12/28/2012,117.1,117.65,116.4,116.44,597778
12/31/2012,116.21,118.59,116.11,118.43,1392310
1/2/2013,120.84,121.5,120.43,121.41,2384599
1/3/2013,121.44,121.73,120.87,121.3,1261417
1/4/2013,121.43,121.95,121.19,121.79,634016
1/7/2013,121.37,121.56,120.97,121.48,658378
1/8/2013,121.26,121.41,120.61,121.11,524332
1/9/2013,121.39,121.73,121.24,121.48,1336783
1/10/2013,122.09,122.38,121.48,122.33,559129
1/11/2013,122.36,122.38,121.97,122.38,619105
1/14/2013,122.24,122.34,121.84,122.28,523421
1/15/2013,121.71,122.45,121.64,122.33,585914
1/16/2013,122.07,122.51,121.97,122.33,440018
1/17/2013,122.9,123.5,122.65,123.12,666625
1/18/2013,123.14,123.55,122.67,123.48,2290780
1/22/2013,123.47,124.03,123.14,124.03,1604755
1/23/2013,124.09,124.37,123.87,124.21,894653
1/24/2013,124.07,124.9,123.95,124.29,1800114
1/25/2013,124.74,125.03,124.37,125.01,675300
1/28/2013,125.07,125.07,124.43,124.86,1308272
1/29/2013,124.63,125.52,124.56,125.39,749287
1/30/2013,125.39,125.58,124.76,124.88,830662
1/31/2013,124.75,125.14,124.47,124.58,488625
2/1/2013,125.39,125.97,125.19,125.76,2480101
2/4/2013,125.11,125.31,124.33,124.39,595873
2/5/2013,125.15,126.03,125.07,125.67,458726
2/6/2013,125.29,125.84,125.21,125.76,457474
2/7/2013,125.8,125.88,124.7,125.62,529189
2/8/2013,125.84,126.36,125.84,126.3,485398
2/11/2013,126.29,126.38,125.99,126.25,317063
2/12/2013,126.3,126.73,126.15,126.44,450762
2/13/2013,126.73,126.97,126.25,126.56,1171849
2/14/2013,126.23,126.88,126.06,126.75,300302
2/15/2013,126.86,126.95,126.08,126.58,364687
2/19/2013,126.78,127.52,126.77,127.46,400366
2/20/2013,127.43,127.46,125.86,125.86,1137738
2/21/2013,125.58,125.58,124.76,125.31,1561907
2/22/2013,125.76,126.36,125.47,126.36,1488417
2/25/2013,127.05,127.2,123.95,123.95,1170374
2/26/2013,124.56,124.97,123.77,124.82,1729515
2/27/2013,124.7,126.75,124.61,126.38,862212
2/28/2013,126.37,127.2,125.92,126.22,2670893
3/1/2013,125.67,126.74,125.18,126.56,1695497
3/4/2013,126.29,127.28,126.08,127.28,590504
3/5/2013,127.88,128.74,127.86,128.37,568144
3/6/2013,128.88,128.9,128.31,128.6,2074127
3/7/2013,128.8,128.98,128.62,128.84,500014
3/8/2013,129.34,129.49,128.74,129.34,786857
3/11/2013,129.29,129.83,129.09,129.8,396236
3/12/2013,129.76,129.87,129.15,129.52,539140
3/13/2013,129.62,129.89,129.21,129.71,502716
3/14/2013,130.08,130.49,130.01,130.41,737935
3/15/2013,130.29,130.45,129.82,130.21,845088
3/18/2013,129.01,130.08,128.89,129.5,901979
3/19/2013,129.79,129.93,128.38,129.21,664658
3/20/2013,129.92,130.31,129.78,130.08,1408722
3/21/2013,129.31,129.78,128.82,129.04,343564
3/22/2013,129.42,129.98,129.34,129.96,478763
3/25/2013,130.42,130.64,129,129.61,674123
3/26/2013,130.09,130.6,129.92,130.58,1505693
3/27/2013,129.76,130.6,129.53,130.5,430433
3/28/2013,130.5,131.11,130.33,130.8,401369
4/1/2013,130.91,131.64,130.11,130.44,677141
4/2/2013,130.89,131.37,130.73,131.08,875622
4/3/2013,131.21,131.28,129.42,129.76,845535
4/4/2013,129.89,130.52,129.66,130.27,1068073
4/5/2013,128.72,129.85,128.53,129.76,703429
4/8/2013,129.8,130.58,129.36,130.56,346090
4/9/2013,130.84,131.5,130.44,131.04,404261
4/10/2013,131.37,132.78,131.35,132.66,1216121
4/11/2013,132.67,133.47,132.55,133.09,493342
4/12/2013,132.67,132.96,132.01,132.8,1359643
4/15/2013,132.06,132.16,129.66,129.76,735928
4/16/2013,130.7,131.62,130.33,131.58,737671
4/17/2013,130.68,130.68,128.98,129.65,835294
4/18/2013,129.87,129.87,128.33,128.58,4345465
4/19/2013,129.1,130,128.83,129.94,801209
4/22/2013,130.21,130.82,129.36,130.54,578286
4/23/2013,131.19,131.99,130.54,131.91,958517
4/24/2013,131.95,132.33,131.69,131.95,1945227
4/25/2013,132.35,133.14,132.16,132.57,329093
4/26/2013,132.33,132.59,131.84,132.25,284535
4/29/2013,132.67,133.43,132.45,133.13,568571
4/30/2013,133.15,133.52,132.62,133.52,534919
5/1/2013,133.2,133.23,132.16,132.33,506529
5/2/2013,132.7,133.64,132.57,133.51,443283
5/3/2013,134.74,135.3,134.67,134.8,521250
5/6/2013,135.01,135.43,134.95,135.2,766506
5/7/2013,135.53,135.98,135.16,135.89,429331
5/8/2013,135.81,136.6,135.72,136.6,323010
5/9/2013,136.52,136.87,135.85,136.21,435452
5/10/2013,136.34,136.7,135.9,136.68,735195
5/13/2013,136.46,136.94,136.13,136.66,1323970
5/14/2013,136.88,138.22,136.85,138.1,397612
5/15/2013,137.94,139.17,137.88,138.89,774522
5/16/2013,138.63,139.09,138.04,138.24,741216
5/17/2013,138.77,139.64,138.59,139.55,723770
5/20/2013,139.47,140.12,139.33,139.55,728920
5/21/2013,139.72,140.27,139.24,139.74,527091
5/22/2013,139.96,141.39,138.12,138.81,1071399
5/23/2013,137.24,138.68,137.06,138.31,1242966
5/24/2013,137.47,138.2,137.12,138.14,750150
5/28/2013,139.8,140.27,138.65,139.13,620895
5/29/2013,138.3,138.61,137.39,138.06,965266
5/30/2013,138.22,139.29,138.17,138.66,487221
5/31/2013,138.27,139.03,136.48,136.64,892567
6/3/2013,136.99,137.47,135.98,137.34,1098275
6/4/2013,137.45,138.04,136.05,136.94,1304261
6/5/2013,136.37,136.59,134.74,134.85,1229398
6/6/2013,134.81,135.99,133.97,135.88,1284363
6/7/2013,137.01,137.9,136.4,137.79,1604430
6/10/2013,138.26,138.26,137.41,137.74,2016984
6/11/2013,136.5,137.55,135.99,136.33,1646222
6/12/2013,137.3,137.39,135.1,135.25,1159401
6/13/2013,135.12,137.47,134.86,137.22,1402279
6/14/2013,137.1,137.64,136.16,136.38,1284561
6/17/2013,137.35,138.1,136.74,137.47,1148133
6/18/2013,137.57,138.76,137.57,138.54,1131895
6/19/2013,138.46,138.71,136.61,136.69,1085517
6/20/2013,135.29,135.5,132.89,133.22,1847120
6/21/2013,134.15,134.29,132.34,133.64,1714802
6/24/2013,132.3,133.15,130.9,131.94,2031335
6/25/2013,133.2,133.72,132.32,133.26,1657473
6/26/2013,134.37,134.88,133.83,134.54,1864592
6/27/2013,135.38,136.01,135.28,135.4,823496
6/28/2013,135.02,135.65,134.38,134.59,1118741
7/1/2013,135.54,136.53,135.34,135.58,1520282
7/2/2013,135.36,136.4,134.88,135.36,1317438
7/3/2013,134.93,135.93,134.68,135.5,559567
7/5/2013,136.59,137.08,135.58,137.03,682733
7/8/2013,137.74,138.15,137.47,137.74,911722
7/9/2013,138.63,138.98,138.06,138.78,863169
7/10/2013,138.71,139.3,138.37,138.82,840896
7/11/2013,140.44,140.88,139.98,140.79,1415048
7/12/2013,140.75,141.11,140.48,140.83,1058762
7/15/2013,141.16,141.5,140.96,141.35,701776
7/16/2013,141.43,141.49,140.4,140.81,761816
7/17/2013,141.35,141.56,141,141.16,765539
7/18/2013,141.48,142.26,141.44,141.94,471606
7/19/2013,141.66,142.2,141.48,142.2,400604
7/22/2013,142.39,142.68,142.05,142.46,457827
7/23/2013,142.74,142.78,142.07,142.16,1127885
7/24/2013,142.74,142.76,141.39,141.64,861006
7/25/2013,141.37,142.07,141.17,141.89,342429
7/26/2013,141.39,142.16,140.81,142.07,955693
7/29/2013,141.76,142.07,141.29,141.66,1010480
7/30/2013,142.16,142.28,141.41,141.67,487165
7/31/2013,141.96,142.74,141.61,141.69,682205
8/1/2013,142.84,143.55,142.8,143.44,536045
8/2/2013,143.16,143.68,142.94,143.66,609856
8/5/2013,143.44,143.7,143.22,143.57,346463
8/6/2013,143.26,143.34,142.35,142.71,450863
8/7/2013,142.2,142.39,141.68,142.2,469915
8/8/2013,142.88,143.01,141.94,142.71,543919
8/9/2013,142.54,142.98,141.83,142.3,673987
8/12/2013,141.61,142.3,141.56,142.1,360541
8/13/2013,142.35,142.8,141.56,142.68,2237441
8/14/2013,142.5,142.71,141.77,141.85,540943
8/15/2013,140.67,140.67,139.58,139.79,818271
8/16/2013,139.56,140.02,139.09,139.4,672839
8/19/2013,139.2,139.65,138.48,138.5,899241
8/20/2013,138.73,139.65,138.55,139.07,1017295
8/21/2013,138.78,139.52,137.99,138.33,543264
8/22/2013,138.57,139.75,138.57,139.54,692993
8/23/2013,139.98,140.18,139.34,140,463078
8/26/2013,140.18,140.61,139.44,139.56,767360
8/27/2013,138.15,138.65,137.17,137.27,875980
8/28/2013,137.2,138.21,137.03,137.74,725803
8/29/2013,137.41,138.67,137.34,137.95,1006095
8/30/2013,138.2,138.2,137.14,137.34,948536
9/3/2013,138.83,139.14,137.56,138.15,1710478
9/4/2013,138.18,139.52,137.95,139.32,763241
9/5/2013,139.38,139.82,139.28,139.28,755085
9/6/2013,139.95,140.31,138.22,139.52,1209005
9/9/2013,139.91,140.96,139.91,140.9,1291997
9/10/2013,141.71,141.93,141.45,141.93,1132020
9/11/2013,141.74,142.39,141.5,142.39,880288
9/12/2013,142.35,142.52,141.79,142.03,932407
9/13/2013,142.12,142.45,141.82,142.33,588548
9/16/2013,143.87,143.93,142.94,143.22,756448
9/17/2013,143.3,143.78,143.3,143.78,2562880
9/18/2013,143.75,145.85,143.41,145.51,1079991
9/19/2013,145.85,145.91,145.07,145.27,3230678
9/20/2013,145.57,145.57,144.1,144.14,666404
9/23/2013,143.98,144.12,143.09,143.61,1519034
9/24/2013,143.51,144.04,142.96,143.32,1770312
9/25/2013,143.32,143.53,142.67,142.84,855625
9/26/2013,143.05,143.72,142.8,143.42,674818
9/27/2013,142.65,142.88,142.31,142.8,1524709
9/30/2013,141.47,142.35,141.18,141.98,1650329
10/1/2013,142.02,143.18,141.91,143.11,1204299
10/2/2013,142.16,142.94,141.75,142.92,1359513
10/3/2013,142.55,142.67,140.95,141.63,1569997
10/4/2013,141.69,142.8,141.54,142.67,583948
10/7/2013,141.43,142.28,141.3,141.47,749216
10/8/2013,141.42,141.58,139.68,139.81,2246574
10/9/2013,140.06,140.37,138.99,139.81,1453288
10/10/2013,141.28,142.98,141.28,142.98,1562967
10/11/2013,142.69,143.86,142.57,143.8,1340279
10/14/2013,142.96,144.48,142.82,144.42,1527402
10/15/2013,144,144.54,143.18,143.39,1795586
10/16/2013,144.18,145.41,144.12,145.33,3364935
10/17/2013,144.78,146.39,144.76,146.31,2764221
10/18/2013,146.88,147.4,146.58,147.3,1813362
10/21/2013,147.38,147.59,147.01,147.37,1094342
10/22/2013,147.79,148.58,147.55,148.16,1480222
10/23/2013,147.69,147.73,146.97,147.47,2056732
10/24/2013,147.75,148.12,147.4,147.99,862844
10/25/2013,148.27,148.64,148,148.64,1105839
10/28/2013,148.59,149.06,148.42,148.84,1252552
10/29/2013,149.18,149.76,149,149.76,915885
10/30/2013,149.9,149.97,148.39,148.9,3646167
10/31/2013,148.84,149.41,148.27,148.34,1558872
11/1/2013,148.73,149.17,148.03,148.78,1454575
11/4/2013,149.29,149.44,148.82,149.44,3189279
11/5/2013,148.79,149.29,148.3,148.99,1244057
11/6/2013,149.58,149.94,149.12,149.7,1644163
11/7/2013,149.99,150.08,147.63,147.78,1347021
11/8/2013,147.75,149.82,147.71,149.82,1767032
11/11/2013,149.65,149.97,149.46,149.79,1203743
11/12/2013,149.46,149.84,148.99,149.5,1008100
11/13/2013,148.77,150.7,148.77,150.64,1449137
11/14/2013,150.86,151.58,150.6,151.5,1865902
11/15/2013,151.7,152.16,151.52,152.16,770189
11/18/2013,152.41,152.49,151.23,151.59,1431274
11/19/2013,151.49,151.95,150.98,151.28,1254203
11/20/2013,151.54,151.99,150.38,150.8,1592009
11/21/2013,151.22,152.12,151.1,152,2300902
11/22/2013,152.08,152.75,151.89,152.75,1523941
11/25/2013,153,153.03,152.39,152.68,878469
11/26/2013,152.68,153.07,152.42,152.61,838582
11/27/2013,152.78,153.1,152.63,153,896057
11/29/2013,153.15,153.55,152.74,152.78,666274
12/2/2013,153.01,153.26,152.29,152.56,1528250
12/3/2013,152.05,152.39,151.37,151.97,1167874
12/4/2013,151.31,152.46,150.65,151.8,1490121
12/5/2013,151.6,151.84,151.02,151.2,1267236
12/6/2013,152.66,152.99,152.21,152.91,1310807
12/9/2013,153.29,153.47,153.05,153.26,1724862
12/10/2013,152.89,153.21,152.63,152.74,1895293
12/11/2013,152.75,152.78,150.79,151,1170682
12/12/2013,150.89,151.07,150.18,150.52,3745614
12/13/2013,150.79,150.92,150.19,150.47,2332727
12/16/2013,151.18,151.89,151.12,151.43,1993360
12/17/2013,151.53,151.56,150.59,150.89,1605417
12/18/2013,151.14,153.55,149.38,153.53,3375424
12/19/2013,153.09,153.51,152.68,153.38,1347843
12/20/2013,153.48,154.61,153.48,154.17,1413562
12/23/2013,154.97,155.79,154.68,155.79,1605632
12/24/2013,155.03,155.44,155.02,155.42,631739
12/26/2013,155.71,156.26,155.71,156.17,1044183
12/27/2013,156.43,156.47,156.03,156.18,1002771
12/30/2013,156.2,156.29,155.96,156.11,1200237
12/31/2013,156.39,156.9,156.25,156.83,835286
1/2/2014,156.26,156.34,155,155.4,1867399
1/3/2014,155.64,155.97,155.13,155.26,1845682
1/6/2014,155.87,155.92,154.67,154.87,1444267
1/7/2014,155.49,156.11,155.4,155.86,889475
1/8/2014,155.83,156.14,155.32,155.93,3394916
1/9/2014,156.39,156.4,155.27,156.03,1204998
1/10/2014,156.28,156.46,155.43,156.39,1068044
1/13/2014,156.05,156.45,154.05,154.39,1443666
1/14/2014,154.85,156.1,154.58,156.01,934059
1/15/2014,156.36,157.06,156.32,156.87,1017232
1/16/2014,156.52,156.69,156.16,156.63,839737
1/17/2014,156.42,156.68,155.73,155.97,975384
1/21/2014,156.87,156.93,155.48,156.45,1473802
1/22/2014,156.75,156.77,156.22,156.54,810842
1/23/2014,155.77,155.77,154.46,155.26,1395666
1/24/2014,154.26,154.3,151.94,151.95,1973045
1/27/2014,152.13,152.46,150.47,151.19,3108678
1/28/2014,151.34,152.28,151.28,152.14,1151377
1/29/2014,150.88,151.66,150.25,150.55,1452273
1/30/2014,151.96,152.71,151.43,152.24,2250767
1/31/2014,150.35,152.28,150.28,151.28,1426022
2/3/2014,151.13,151.5,147.66,148,3202824
2/4/2014,148.57,149.33,148.08,148.98,1204472
2/5/2014,148.44,149.09,147.58,148.73,1835154
2/6/2014,149.18,150.73,149.15,150.71,1196769
2/7/2014,151.47,152.76,150.98,152.67,1357100
2/10/2014,152.63,152.93,152.24,152.9,1011104
2/11/2014,153.08,154.94,152.94,154.61,1615122
2/12/2014,154.81,155.28,154.36,154.74,2000839
2/13/2014,153.63,155.6,153.63,155.48,1441671
2/14/2014,155.33,156.61,155.16,156.34,989675
2/18/2014,156.45,156.73,156.03,156.56,1266628
2/19/2014,156.16,157.1,155.34,155.47,2079602
2/20/2014,155.69,156.76,155.13,156.38,1164931
2/21/2014,156.71,157.05,156.16,156.3,761690
2/24/2014,156.57,158.15,156.49,157.01,1055749
2/25/2014,157.2,157.64,156.54,156.95,1079727
2/26/2014,157.21,157.65,156.61,156.95,764782
2/27/2014,156.83,157.87,156.66,157.86,1115476
2/28/2014,157.84,158.97,157.19,158.21,921005
3/3/2014,156.86,157.5,156.12,157.09,2413025
3/4/2014,158.69,159.67,158.65,159.34,1382281
3/5/2014,159.46,159.75,159.25,159.37,1060371
3/6/2014,159.98,160.25,159.64,159.9,1118506
3/7/2014,160.49,160.52,159.25,159.86,1300354
3/10/2014,159.68,159.92,158.96,159.89,954920
3/11/2014,160.15,160.32,158.69,158.99,1020040
3/12/2014,158.29,159.13,157.96,159.1,1148698
3/13/2014,159.6,159.68,156.87,157.34,1789963
3/14/2014,156.99,157.83,156.69,156.89,1427514
3/17/2014,157.67,158.66,157.6,158.31,1828615
3/18/2014,158.61,159.63,158.48,159.42,841075
3/19/2014,159.49,159.67,157.6,158.57,1258439
3/20/2014,158.24,159.61,157.97,159.45,882490
3/21/2014,160.22,160.57,158.76,158.93,890080
3/24/2014,159.43,159.62,157.54,158.26,2152674
3/25/2014,159.05,159.49,158.14,159.02,1290870
3/26/2014,159.62,159.86,157.83,157.87,1240768
3/27/2014,157.7,158.14,156.91,157.53,1053170
3/28/2014,158,159.05,157.87,158.24,589367
3/31/2014,159.28,159.81,159.13,159.59,882624
4/1/2014,160.07,160.76,159.98,160.67,1339443
4/2/2014,160.88,161.39,160.57,161.2,2118292
4/3/2014,161.44,161.46,160.5,160.97,771564
4/4/2014,161.83,161.88,158.83,159.01,2438172
4/7/2014,158.66,158.93,156.98,157.29,1766900
4/8/2014,157.18,158.24,156.68,157.97,2216133
4/9/2014,158.42,159.68,157.98,159.66,825718
4/10/2014,159.65,159.71,156.13,156.27,1382261
4/11/2014,155.45,156.52,154.71,154.84,1892300
4/14/2014,156.09,156.48,154.84,156.11,1563934
4/15/2014,156.48,157.26,154.9,157.15,2319322
4/16/2014,158.25,158.85,157.57,158.84,2587633
4/17/2014,158.65,159.48,158.37,159.01,993684
4/21/2014,159.11,159.65,158.94,159.61,863736
4/22/2014,159.8,160.78,159.71,160.31,1130977
4/23/2014,160.28,160.34,159.87,159.93,778011
4/24/2014,160.79,160.79,159.54,160.28,583988
4/25/2014,159.77,159.85,158.63,158.98,1458008
4/28/2014,159.63,160.16,157.87,159.47,695522
4/29/2014,160.01,160.47,159.66,160.25,1144503
4/30/2014,159.97,160.87,159.72,160.76,649964
5/1/2014,160.67,161.15,160.23,160.77,669931
5/2/2014,160.73,161.36,160.26,160.5,810416
5/5/2014,159.71,160.88,159.26,160.84,851026
5/6/2014,160.46,160.55,159.35,159.42,609750
5/7/2014,159.95,160.4,158.74,160.37,1246171
5/8/2014,160.16,161.3,159.66,160.18,1493151
5/9/2014,160.18,160.47,159.44,160.46,1025796
5/12/2014,161.08,162.03,161.08,161.97,837546
5/13/2014,162.14,162.52,161.95,162.12,1068156
5/14/2014,161.97,162.02,161.12,161.33,1434123
5/15/2014,161.04,161.06,159.13,159.89,3426321
5/16/2014,160.02,160.53,159.34,160.52,751116
5/19/2014,160.18,161.21,160.03,161.06,995229
5/20/2014,161.01,161.01,159.64,160.01,718683
5/21/2014,160.53,161.46,160.49,161.38,1064371
5/22/2014,161.44,162.11,161.17,161.82,922320
5/23/2014,161.97,162.57,161.88,162.5,659152
5/27/2014,163.07,163.49,162.98,163.44,955568
5/28/2014,163.46,163.71,163.07,163.27,1063931
5/29/2014,163.73,164.23,163.32,164.23,581994
5/30/2014,164.07,164.57,163.89,164.44,939153
6/2/2014,164.71,164.73,163.85,164.67,1739564
6/3/2014,164.26,164.67,164.13,164.56,1345284
6/4/2014,164.28,164.99,164.11,164.85,1057598
6/5/2014,165.07,166.14,164.51,165.97,916475
6/6/2014,166.36,166.81,166.28,166.77,630072
6/9/2014,166.73,167.34,166.6,166.92,495855
6/10/2014,166.75,166.99,166.4,166.96,1030537
6/11/2014,166.39,166.55,166.02,166.42,599275
6/12/2014,166.18,166.28,164.84,165.17,957149
6/13/2014,165.51,165.84,165.01,165.7,785141
6/16/2014,165.51,166.17,165.31,165.84,812450
6/17/2014,165.61,166.41,165.43,166.3,3150717
6/18/2014,166.34,167.62,165.94,167.52,538842
6/19/2014,167.69,167.84,167.18,167.73,802007
6/20/2014,168.12,168.18,167.88,168.06,891502
6/23/2014,168.12,168.15,167.72,167.99,788529
6/24/2014,167.74,168.53,166.83,166.99,420525
6/25/2014,166.66,167.92,166.66,167.72,626399
6/26/2014,167.82,167.82,166.51,167.63,723432
6/27/2014,167.26,167.99,167.16,167.92,1103416
6/30/2014,167.87,168.24,167.73,167.87,1348041
7/1/2014,168.3,169.5,168.25,169.04,1281553
7/2/2014,169,169.35,168.92,169.16,546736
7/3/2014,169.62,170.08,169.51,170.03,350498
7/7/2014,169.69,169.81,169.18,169.46,1231131
7/8/2014,169.08,169.16,167.93,168.38,801022
7/9/2014,168.74,169.22,168.41,169.07,994368
7/10/2014,167.47,168.82,167.3,168.44,656887
7/11/2014,168.32,168.74,167.94,168.66,556279
7/14/2014,169.49,169.72,169.34,169.48,527038
7/15/2014,169.61,169.94,168.46,169.19,1290131
7/16/2014,169.96,170.06,169.33,169.85,576520
7/17/2014,169.29,169.93,167.65,167.85,1180450
7/18/2014,168.43,169.75,168.35,169.61,611107
7/21/2014,169.05,169.4,168.52,169.25,925661
7/22/2014,169.89,170.32,169.73,170.02,1613494
7/23/2014,170.29,170.56,169.94,170.42,802596
7/24/2014,170.56,170.74,170.25,170.42,572740
7/25/2014,169.94,170.07,169.28,169.59,679490
7/28/2014,169.66,169.91,168.67,169.67,519124
7/29/2014,170,170.19,168.92,168.94,682981
7/30/2014,169.53,169.75,168.28,168.94,1206253
7/31/2014,167.75,167.93,165.55,165.55,2598058
8/1/2014,165.14,166.18,164.35,165.14,3632085
8/4/2014,165.42,166.64,164.74,166.33,2364373
8/5/2014,165.63,166.05,164.1,164.64,1337501
8/6/2014,163.91,165.42,163.88,164.75,1267542
8/7/2014,165.49,165.62,163.43,163.83,1632323
8/8/2014,164.22,165.84,163.8,165.74,1293211
8/11/2014,166.38,166.96,166.17,166.22,1273269
8/12/2014,166.04,166.52,165.49,166.02,549263
8/13/2014,166.66,167.29,166.4,167.17,835465
8/14/2014,167.4,167.92,167.24,167.92,899988
8/15/2014,168.54,168.69,166.7,167.87,1811041
8/18/2014,168.82,169.35,168.72,169.26,1110732
8/19/2014,169.69,170.31,169.54,170.18,623170
8/20/2014,169.97,170.83,169.95,170.62,1611679
8/21/2014,170.8,171.36,170.66,171.09,808717
8/22/2014,170.98,171.28,170.49,170.83,701703
8/25/2014,171.7,172.04,171.45,171.74,1172813
8/26/2014,171.86,172.3,171.83,171.89,801119
8/27/2014,171.99,172.08,171.52,171.86,644085
8/28/2014,171.21,171.8,171.05,171.72,478574
8/29/2014,172.01,172.22,171.42,172.16,659760
9/2/2014,172.42,172.42,171.45,172.12,591905
9/3/2014,172.71,172.74,171.77,172.04,670839
9/4/2014,172.3,172.88,171.29,171.74,573670
9/5/2014,171.71,172.58,171.07,172.55,537209
9/8/2014,172.36,172.57,171.58,172.14,679715
9/9/2014,171.97,172.06,170.65,170.98,550768
9/10/2014,171.08,171.73,170.51,171.68,908288
9/11/2014,170.94,171.88,170.83,171.85,561873
9/12/2014,171.67,171.69,170.36,170.8,773897
9/15/2014,170.86,170.95,170.19,170.7,1092062
9/16/2014,170.39,172.26,170.28,172,604001
9/17/2014,172.25,172.98,171.39,172.23,1042180
9/18/2014,172.71,173.12,172.54,173.1,790989
9/19/2014,173.69,173.89,172.67,172.92,1030420
9/22/2014,172.66,172.69,171.29,171.61,890141
9/23/2014,171.02,171.75,170.61,170.63,800224
9/24/2014,170.7,172.12,170.26,172.04,1030297
9/25/2014,171.55,171.57,169.19,169.25,1705304
9/26/2014,169.54,170.95,169.32,170.6,975401
9/29/2014,169.1,170.55,168.98,170.28,1577512
9/30/2014,170.43,170.89,169.47,169.76,817191
10/1/2014,169.51,169.59,167.14,167.53,2532199
10/2/2014,167.37,168.1,165.82,167.52,1344447
10/3/2014,168.69,169.72,168.15,169.38,1295104
10/6/2014,170.13,170.32,168.6,169.18,1390376
10/7/2014,168.31,168.69,166.57,166.59,990212
10/8/2014,166.66,169.71,165.8,169.49,2018615
10/9/2014,169.2,169.4,166.01,166.09,1519744
10/10/2014,166.09,166.89,164.19,164.23,2627532
10/13/2014,164.16,164.75,161.43,161.51,2243814
10/14/2014,162.38,163.58,161.21,161.78,2587125
10/15/2014,159.61,161.03,156.84,160.58,5809091
10/16/2014,157.76,161.62,157.62,160.48,4736802
10/17/2014,162.44,163.54,161.71,162.46,2403646
10/20/2014,162.18,164.13,162.1,164.06,1469333
10/21/2014,165.23,167.35,165.05,167.24,3068305
10/22/2014,167.6,168,166.02,166.11,2525760
10/23/2014,167.76,169.06,167.48,168.02,1928095
10/24/2014,168.3,169.35,167.67,169.28,1226140
10/27/2014,168.72,169.32,168.14,169.06,1570213
10/28/2014,169.65,171.01,169.57,170.99,1415082
10/29/2014,171.09,171.63,169.64,170.8,1702847
10/30/2014,170.31,172.33,170.21,171.91,1690255
10/31/2014,173.96,173.97,173.04,173.86,2070254
11/3/2014,174.12,174.48,173.54,173.96,2414865
11/4/2014,173.5,173.78,172.44,173.32,1744482
11/5/2014,174.6,174.62,173.67,174.45,1943105
11/6/2014,174.43,175.2,173.83,175.16,1870823
11/7/2014,175.16,175.5,174.63,175.32,1485553
11/10/2014,175.3,175.88,175.09,175.84,1996134
11/11/2014,175.91,176.09,175.6,176,1097457
11/12/2014,175.33,176.04,175.28,175.87,2917952
11/13/2014,175.97,176.57,175.2,176.02,1237840
11/14/2014,175.96,176.28,175.66,176.08,1558018
11/17/2014,175.73,176.33,175.58,176.18,621915
11/18/2014,176.25,177.49,176.23,177.21,1332496
11/19/2014,176.95,177.18,176.12,176.87,2000692
11/20/2014,176.07,177.33,176.05,177.21,922091
11/21/2014,179.02,179.04,177.62,178.19,1687465
11/24/2014,178.61,178.8,178.39,178.66,1453113
11/25/2014,178.94,179.11,178.28,178.61,1847590
11/26/2014,178.7,179.07,178.5,179.01,877023
11/28/2014,178.89,179.18,178.38,178.64,457691
12/1/2014,177.94,178.03,177.06,177.41,2216621
12/2/2014,177.42,178.72,177.39,178.54,1539130
12/3/2014,178.7,179.43,178.58,179.2,2383077
12/4/2014,178.95,179.53,178.19,179.02,1673437
12/5/2014,179.2,179.72,178.94,179.35,2357304
12/8/2014,178.95,179.38,177.52,178.12,1625263
12/9/2014,176.18,178.1,175.78,177.99,1875482
12/10/2014,177.53,177.53,174.92,175.2,1861473
12/11/2014,176.06,177.73,175.62,176.01,2098538
12/12/2014,174.82,175.7,173.11,173.15,2781192
12/15/2014,174.15,174.56,171.33,171.98,2980175
12/16/2014,171.15,174.4,170.54,170.62,4081959
12/17/2014,171.04,174.41,170.92,174.1,5945297
12/18/2014,176.57,178.25,175.82,178.22,4041497
12/19/2014,178.93,179.72,178.26,179.04,1905143
12/22/2014,179.23,179.85,178.97,179.85,3179943
12/23/2014,180.5,180.52,179.89,180.11,2038424
12/24/2014,180.37,180.59,180.06,180.09,1007918
12/26/2014,180.6,181.03,180.53,180.68,688010
12/29/2014,180.51,181.14,180.46,180.93,929543
12/30/2014,180.51,180.63,179.89,179.95,3411268
12/31/2014,180.31,180.47,178.06,178.08,1445124
1/2/2015,178.9,179.33,177,178.08,1973021
1/5/2015,177,177.15,174.54,174.94,2893099
1/6/2015,175.23,175.72,172.38,173.23,2375326
1/7/2015,174.62,175.75,174.15,175.41,2439107
1/8/2015,176.84,178.7,176.82,178.49,1841364
1/9/2015,178.94,178.97,176.43,176.97,2671505
1/12/2015,177.2,177.34,175.04,175.68,1954572
1/13/2015,176.96,178.09,173.85,175.2,2283552
1/14/2015,173.06,174.3,172.16,174.18,5518456
1/15/2015,174.73,175.1,172.42,172.54,2053099
1/16/2015,172.33,174.93,172.14,174.66,1558006
1/20/2015,175.47,175.74,173.54,175.11,1732489
1/21/2015,174.63,176.51,174.21,176.03,1678415
1/22/2015,176.83,178.79,175.45,178.72,6426231
1/23/2015,178.39,178.67,177.51,177.75,3289902
1/26/2015,177.51,178.18,176.68,178.09,2134918
1/27/2015,175.95,176.92,174.87,175.78,2093727
1/28/2015,177.01,177.03,173.31,173.45,2714105
1/29/2015,173.73,175.38,172.25,175.12,4589449
1/30/2015,173.91,175.23,172.62,172.95,2435810
2/2/2015,173.46,175.11,171.53,174.94,3594646
2/3/2015,175.96,177.58,175.64,177.51,1517978
2/4/2015,176.78,178.03,176.43,176.89,1969015
2/5/2015,177.61,178.83,177.57,178.7,1093641
2/6/2015,179.1,179.65,177.66,178.19,1538949
2/9/2015,177.48,178.26,176.96,177.39,2421908
2/10/2015,178.49,179.53,177.57,179.27,1902158
2/11/2015,179.12,179.82,178.45,179.4,1845439
2/12/2015,180.26,181.16,180.03,181.06,2124856
2/13/2015,181.26,181.91,180.97,181.86,1135275
2/17/2015,181.54,182.31,181.29,182.14,1798873
2/18/2015,181.75,182.22,181.49,182.18,1970866
2/19/2015,181.57,182.4,181.38,182.07,1076505
2/20/2015,181.61,183.21,180.96,183.17,1453541
2/23/2015,182.9,183.12,182.46,183.12,1584471
2/24/2015,183.09,183.84,182.84,183.66,1316285
2/25/2015,183.52,183.98,183.11,183.46,2098457
2/26/2015,183.38,183.52,182.63,183.26,1051790
2/27/2015,183.16,183.42,182.61,182.62,1022509
3/2/2015,182.73,183.82,182.72,183.82,1075383
3/3/2015,183.3,183.41,182.13,183.05,1468508
3/4/2015,182.4,182.48,181.23,182.27,1584247
3/5/2015,182.59,182.74,181.94,182.47,1201593
3/6/2015,181.57,182.01,179.54,179.9,1920773
3/9/2015,180.08,180.98,179.98,180.66,1197574
3/10/2015,179.17,179.24,177.69,177.7,2528870
3/11/2015,177.95,178.14,177.21,177.28,1964994
3/12/2015,177.94,179.6,177.89,179.56,2800121
3/13/2015,179.24,179.4,177.36,178.47,1896017
3/16/2015,179.2,180.9,179.16,180.9,1115690
3/17/2015,180.04,180.67,179.44,180.29,1545525
3/18/2015,179.78,183.15,179.1,182.43,2419901
3/19/2015,182.04,182.29,181.25,181.59,1451370
3/20/2015,182.61,183.74,182.55,183.24,1428307
3/23/2015,183.23,183.83,182.88,182.91,744157
3/24/2015,182.74,183.22,181.78,181.85,1671040
3/25/2015,182.07,182.29,179.14,179.18,1280648
3/26/2015,178.51,179.71,177.81,178.74,2006382
3/27/2015,178.66,179.35,178.46,179.1,1933443
3/30/2015,180.27,181.65,180.25,181.34,1488947
3/31/2015,180.51,182.2,179.73,179.76,2910533
4/1/2015,179.73,179.73,178.11,179.16,3557432
4/2/2015,179.04,180.22,178.87,179.71,1898183
4/6/2015,178.83,181.5,178.7,180.96,1307697
4/7/2015,180.96,181.78,180.5,180.5,1443424
4/8/2015,180.8,181.52,180.34,181.14,1486211
4/9/2015,181,182.13,180.49,181.93,836531
4/10/2015,182.15,182.96,181.98,182.93,1112343
4/13/2015,182.74,183.41,182.04,182.09,1292225
4/14/2015,181.87,182.62,181.24,182.43,2786961
4/15/2015,182.89,183.76,182.84,183.27,984062
4/16/2015,182.92,183.71,182.7,183.2,866539
4/17/2015,181.97,182.19,180.28,181.07,2167427
4/20/2015,182.07,183.09,181.99,182.73,1505512
4/21/2015,183.48,183.61,182.22,182.54,1146753
4/22/2015,182.92,183.63,181.94,183.45,1184508
4/23/2015,183.05,184.56,182.89,183.91,1006561
4/24/2015,184.34,184.59,183.86,184.29,1029667
4/27/2015,184.92,185.02,183.37,183.56,945407
4/28/2015,183.53,184.17,182.35,184.13,1161706
4/29/2015,183.18,183.98,182.54,183.39,1482843
4/30/2015,182.78,183.17,180.81,181.56,2637814
5/1/2015,182.36,183.54,182.27,183.46,2022172
5/4/2015,183.88,184.61,183.84,184.02,1115709
5/5/2015,183.74,184.12,181.78,181.89,1198125
5/6/2015,182.49,182.78,180.06,181.15,1671543
5/7/2015,181.07,182.31,180.73,181.89,1390130
5/8/2015,183.65,184.48,183.58,184.26,1392427
5/11/2015,184.24,184.5,183.33,183.39,1147288
5/12/2015,182.5,183.43,181.69,182.85,1950034
5/13/2015,183.74,183.93,182.66,182.91,619956
5/14/2015,183.96,184.89,183.68,184.82,949618
5/15/2015,184.99,185.16,184.52,185.01,756748
5/18/2015,184.92,185.84,184.78,185.57,1036230
5/19/2015,185.7,185.99,185.24,185.48,1031927
5/20/2015,185.5,186.17,185.08,185.35,3579958
5/21/2015,185.31,186.15,185.11,185.91,795945
5/22/2015,185.55,185.97,185.44,185.51,875201
5/26/2015,185.01,185.05,183.09,183.52,1300252
5/27/2015,183.98,185.49,183.65,185.22,1494632
5/28/2015,184.94,185.15,184.31,185.04,1173115
5/29/2015,184.95,185,183.6,183.83,1611360
6/1/2015,184.53,184.93,183.45,184.25,1218207
6/2/2015,183.77,184.79,183.12,184.06,1151872
6/3/2015,184.34,185.21,184.06,184.57,1277593
6/4/2015,183.85,184.43,182.68,183.08,1456003
6/5/2015,182.85,183.39,182.02,182.7,1650095
6/8/2015,182.57,182.72,181.48,181.57,1189495
6/9/2015,181.56,182.08,180.86,181.52,1543108
6/10/2015,182.37,184.1,182.29,183.68,1313263
6/11/2015,184.53,184.67,183.95,184.24,762783
6/12/2015,183.38,183.57,182.61,182.9,2260577
6/15/2015,181.7,182.38,180.95,182.06,1465685
6/16/2015,182.03,183.18,181.79,183.12,862781
6/17/2015,183.42,184.01,182.36,183.43,1232020
6/18/2015,183.93,185.76,183.92,185.26,1096238
6/19/2015,185.08,185.13,184.17,184.17,727633
6/22/2015,185.52,186.05,185.24,185.43,1075947
6/23/2015,185.65,185.89,185.19,185.56,1809548
6/24/2015,185.31,185.66,184.2,184.23,2263573
6/25/2015,184.71,184.89,183.61,183.67,2396522
6/26/2015,184.04,184.28,183.09,183.67,1709571
6/29/2015,182.09,182.72,179.7,179.79,2877607
6/30/2015,181.44,181.53,179.68,180.25,2807111
7/1/2015,181.98,182.07,180.83,181.62,2914798
7/2/2015,182.14,182.3,181.05,181.48,3234231
7/6/2015,180.13,181.74,179.92,180.95,1823976
7/7/2015,181.22,182.21,178.68,182.07,3674561
7/8/2015,180.74,180.96,178.79,178.98,1963313
7/9/2015,181.28,181.48,179.28,179.3,2330938
7/10/2015,181.53,182.04,180.73,181.59,1727173
7/13/2015,182.96,183.72,182.87,183.62,1075004
7/14/2015,183.62,184.73,183.53,184.43,1182719
7/15/2015,184.49,184.93,183.86,184.35,1230745
7/16/2015,185.47,185.81,185.24,185.76,994751
7/17/2015,185.81,186.05,185.4,185.98,913559
7/20/2015,186.22,186.57,185.74,186.07,1155988
7/21/2015,185.98,186.18,185.05,185.34,809108
7/22/2015,184.58,185.33,184.58,184.98,1250592
7/23/2015,185.11,185.22,183.59,183.91,942056
7/24/2015,184.08,184.11,181.71,182,1664835
7/27/2015,181.15,181.67,180.54,180.96,1828794
7/28/2015,181.92,183.37,181,183.16,975685
7/29/2015,183.34,184.7,183.18,184.45,2588976
7/30/2015,183.99,184.68,183.29,184.48,968455
7/31/2015,185.11,185.11,183.93,184.17,1505697
8/3/2015,184.21,184.22,182.62,183.6,3228537
8/4/2015,183.6,183.98,182.75,183.24,1677932
8/5/2015,184.25,184.94,183.56,183.87,1435086
8/6/2015,183.99,184.15,181.74,182.47,1384200
8/7/2015,182.19,182.29,181.06,182,1942360
8/10/2015,183.17,184.36,183.17,184.3,1410883
8/11/2015,182.93,183.31,181.84,182.61,5234459
8/12/2015,181.24,183.05,179.74,182.78,3937838
8/13/2015,182.71,183.39,182.09,182.57,1210989
8/14/2015,182.42,183.35,182.29,183.29,777781
8/17/2015,182.71,184.3,182.17,184.3,2018107
8/18/2015,184.06,184.37,183.54,183.74,1072594
8/19/2015,183.07,183.79,181.47,182.29,1856347
8/20/2015,180.74,181.29,178.45,178.47,4395559
8/21/2015,176.65,177.57,172.78,172.78,6438813
8/24/2015,163.64,171.37,160.44,165.76,12912326
8/25/2015,171,171.62,163.57,163.73,8519777
8/26/2015,168.21,170.39,164.83,170.25,7423820
8/27/2015,172.58,174.48,170.8,174.4,7510461
8/28/2015,173.7,174.84,173.17,174.4,3085253
8/31/2015,173.42,174.23,172.39,172.85,2014544
9/1/2015,169.06,170.38,166.88,167.6,8938316
9/2/2015,170.36,170.97,168.37,170.96,2539528
9/3/2015,171.78,173.28,170.58,171.1,2535442
9/4/2015,168.83,169.6,167.66,168.46,2428055
9/8/2015,171.49,172.89,170.78,172.75,2355663
9/9/2015,174.48,174.52,170.07,170.45,2226799
9/10/2015,170.15,172.56,169.97,171.4,1859004
9/11/2015,170.94,172.22,170.23,172.13,2289032
9/14/2015,172.37,172.37,171.02,171.46,948448
9/15/2015,172.04,174.14,171.59,173.71,1719734
9/16/2015,174.07,175.37,173.64,175.22,2198826
9/17/2015,175.05,177.53,174.42,174.74,3254278
9/18/2015,172.21,173.77,171.51,171.95,3357854
9/21/2015,172.85,173.89,171.71,172.8,1529306
9/22/2015,170.62,171.04,169.4,170.57,2573404
9/23/2015,170.8,171.23,169.7,170.25,1740544
9/24/2015,168.94,170.15,167.64,169.73,2669536
9/25/2015,171.26,171.48,168.73,169.61,3580921
9/28/2015,168.76,168.77,165.06,165.35,3890113
9/29/2015,165.69,166.89,164.44,165.44,3355096
9/30/2015,167.51,168.74,166.65,168.61,4297168
10/1/2015,168.86,169.3,166.97,169.08,4114694
10/2/2015,166.97,171.52,166.34,171.52,2404268
10/5/2015,172.84,174.8,172.71,174.6,2135443
10/6/2015,174.52,175.03,173.29,174.04,1381117
10/7/2015,175.02,175.8,173.74,175.49,1765138
10/8/2015,175.06,177.32,174.7,177.02,3240462
10/9/2015,177.2,177.6,176.48,177.12,1720535
10/12/2015,177.21,177.45,176.73,177.34,922367
10/13/2015,176.54,177.82,175.98,176.15,1065357
10/14/2015,176.04,176.68,175.01,175.33,1233971
10/15/2015,176.07,178,175.64,177.96,2629364
10/16/2015,178.44,178.81,177.64,178.68,1293474
10/19/2015,178.15,178.9,177.82,178.89,801280
10/20/2015,178.51,179.31,178.19,178.66,1050172
10/21/2015,179.23,179.25,177.39,177.49,1622367
10/22/2015,178.51,180.76,178.46,180.56,1561299
10/23/2015,182.31,182.93,181.5,182.52,1692709
10/26/2015,182.42,182.43,181.74,182.09,1198851
10/27/2015,181.44,182.09,181.02,181.75,1503149
10/28/2015,182.16,183.86,181.42,183.86,2346638
10/29/2015,183.33,184.09,183.18,183.79,1853925
10/30/2015,184.06,184.23,182.86,182.86,2096219
11/2/2015,183.27,185.29,183.14,185.04,2504710
11/3/2015,184.76,186.22,184.5,185.61,4085410
11/4/2015,185.93,186.06,184.5,185.1,1861931
11/5/2015,185.21,185.61,183.95,184.86,2277129
11/6/2015,184.48,185.05,183.41,184.78,2263998
11/9/2015,184.13,184.24,182.08,183.06,2217425
11/10/2015,182.56,183.53,182.23,183.41,1310358
11/11/2015,183.74,183.81,182.69,182.69,1161647
11/12/2015,181.72,182.13,180.19,180.25,2558188
11/13/2015,179.79,180.03,178.08,178.16,3359680
11/16/2015,178.01,180.92,177.87,180.9,1758050
11/17/2015,181.22,182.11,180.24,180.67,1959074
11/18/2015,181.27,183.77,181.25,183.59,2978994
11/19/2015,183.57,183.92,183.19,183.5,2245763
11/20/2015,184.24,184.88,183.76,184.17,1373094
11/23/2015,184.13,184.76,183.48,183.95,1363192
11/24/2015,182.93,184.6,182.48,184.25,1638104
11/25/2015,184.38,184.53,183.91,184.2,790655
11/27/2015,184.31,184.6,183.76,184.38,932068
11/30/2015,184.67,184.69,183.52,183.64,1616218
12/1/2015,184.28,185.49,184.02,185.41,1889272
12/2/2015,185.37,185.62,183.21,183.46,2084067
12/3/2015,183.82,183.99,180.14,180.84,2839217
12/4/2015,181.35,184.74,181.21,184.39,3022869
12/7/2015,184.12,184.12,182.29,183.24,1826727
12/8/2015,181.61,183.02,181.04,182.07,1794220
12/9/2015,181.48,183.59,179.64,180.69,4689734
12/10/2015,180.88,182.48,180.51,181.11,4255692
12/11/2015,178.91,179.59,177.29,177.5,3214202
12/14/2015,177.83,178.58,175.9,178.58,2834549
12/15/2015,180.16,181.32,179.95,180.44,3959313
12/16/2015,181.64,183.37,180.11,182.97,6629530
12/17/2015,183.42,183.44,180.23,180.3,3226394
12/18/2015,179.39,179.52,176.94,176.94,4722248
12/21/2015,178.33,178.65,177.1,178.52,2246551
12/22/2015,179.4,180.41,178.39,180.12,2510382
12/23/2015,181.23,182.38,181.06,182.28,2357190
12/24/2015,182.13,182.6,181.81,181.97,1213294
12/28/2015,181.33,181.66,180.52,181.58,2764204
12/29/2015,182.86,183.89,182.77,183.6,1820265
12/30/2015,183.39,183.4,182.11,182.24,2627010
12/31/2015,181.6,182.2,180.45,180.45,2481331
1/4/2016,177.39,177.93,175.77,177.92,4344253
1/5/2016,178.16,178.7,177.06,178.23,2986091
1/6/2016,175.63,177.01,174.89,175.98,2854121
1/7/2016,172.92,174.7,171.34,171.69,5012200
1/8/2016,172.74,173.3,169.55,169.87,7621099
1/11/2016,170.89,171.16,168.02,169.89,4654851
1/12/2016,171.58,172.18,169.18,171.29,3105711
1/13/2016,172.24,172.44,166.73,167.11,4273505
1/14/2016,167.76,171.03,166.09,169.82,5264024
1/15/2016,165.26,167.06,164.2,166.2,8377798
1/19/2016,166.36,166.36,166.36,166.36,6074064
1/20/2016,163.69,165.91,160.2,164.41,8885280
1/21/2016,164.87,167.14,163.45,165.21,3111002
1/22/2016,167.99,168.8,167.17,168.6,2703646
1/25/2016,168.05,168.28,165.86,166.03,2855737
1/26/2016,166.86,168.6,166.4,168.34,2345041
1/27/2016,167.86,169.52,165.55,166.43,3670198
1/28/2016,168.08,168.3,165.69,167.34,2710540
1/29/2016,168.29,171.58,168.04,171.58,4613129
2/1/2016,170.48,172.2,169.81,171.42,4061779
2/2/2016,169.76,169.98,167.77,168.31,5284532
2/3/2016,169.38,169.71,165.61,169.3,4006687
2/4/2016,168.88,170.57,168.18,169.51,3690252
2/5/2016,168.97,169.11,165.69,166.34,2457252
2/8/2016,164.39,164.69,161.8,164.04,3524303
2/9/2016,162.35,165.43,162.14,164.09,2445557
2/10/2016,165,166.66,163.82,163.98,2023103
2/11/2016,161.45,162.88,160.29,161.87,3560331
2/12/2016,163.64,165.2,162.86,165.2,1865152
2/16/2016,167.19,167.97,166.08,167.97,2445840
2/17/2016,169.24,171.09,169.05,170.73,2346415
2/18/2016,171.05,171.07,169.7,170,1705320
2/19/2016,169.2,170.09,168.59,169.96,1177776
2/22/2016,171.61,172.55,171.54,172.4,2696558
2/23/2016,171.75,172.02,170.11,170.24,2149997
2/24/2016,168.73,171.29,167.58,171.03,2693253
2/25/2016,171.53,173.08,170.7,173.08,2637561
2/26/2016,173.96,174.12,172.54,172.75,2652820
2/29/2016,172.71,173.71,171.22,171.22,3238189
3/1/2016,172.64,175.45,172.15,175.45,3150160
3/2/2016,175.06,176.21,174.62,176.19,3977276
3/3/2016,175.95,176.86,175.4,176.82,3264443
3/4/2016,177.08,178.25,176.22,177.4,2922255
3/7/2016,176.51,177.99,176.41,177.6,3573311
3/8/2016,176.49,176.96,175.48,175.61,3506025
3/9/2016,176.51,176.85,175.7,176.56,1700069
3/10/2016,177.01,178,174.73,176.65,2165671
3/11/2016,178.16,179.56,178.06,179.53,2311291
3/14/2016,178.96,179.75,178.65,179.25,1463588
3/15/2016,178.29,179.02,178.03,179.02,1372939
3/16/2016,178.47,180.45,178.45,180.09,2797730
3/17/2016,179.95,181.71,179.55,181.23,2007254
3/18/2016,181.82,182.23,181.39,181.92,2717645
3/21/2016,181.66,182.39,181.39,182.18,1582130
3/22/2016,181.37,182.65,181.2,182.09,1567911
3/23/2016,181.66,181.84,180.68,180.92,1683007
3/24/2016,179.79,180.82,179.55,180.8,1931860
3/28/2016,181.24,181.42,180.44,180.92,1309925
3/29/2016,180.51,182.66,180.15,182.66,1653660
3/30/2016,183.59,184.12,183.02,183.43,1965723
3/31/2016,183.28,183.7,182.76,182.97,3099301
4/1/2016,181.88,184.35,181.58,184.17,3062149
4/4/2016,184.14,184.29,183.26,183.59,1296266
4/5/2016,182.19,182.65,181.48,181.73,1790384
4/6/2016,181.87,183.79,181.57,183.7,1912795
4/7/2016,182.61,182.94,180.76,181.54,2708179
4/8/2016,182.75,183.21,181.47,182.04,2105981
4/11/2016,182.7,183.41,181.51,181.56,1395731
4/12/2016,181.77,183.6,181.31,183.33,1639491
4/13/2016,184.27,185.23,184.11,185.17,2031332
4/14/2016,185.22,185.66,184.79,185.15,3312537
4/15/2016,185.18,185.23,184.6,184.94,2122358
4/18/2016,184.38,186.28,184.24,186.28,2416615
4/19/2016,186.68,187.09,185.98,186.83,1682909
4/20/2016,186.91,187.73,186.38,186.99,1686593
4/21/2016,187.01,187.13,185.72,185.95,1869364
4/22/2016,185.65,186.28,185.07,186,1920355
4/25/2016,185.43,185.71,184.73,185.7,2438300
4/26/2016,186.06,186.48,185.5,185.97,1761332
4/27/2016,185.57,186.76,185.18,186.36,2031818
4/28/2016,185.58,186.72,184.24,184.68,1621598
4/29/2016,184.02,184.36,182.49,183.67,2870286
5/2/2016,184.2,185.31,183.75,185.11,1687602
5/3/2016,183.85,184.06,182.72,183.52,2419401
5/4/2016,182.44,183.21,181.94,182.46,2142319
5/5/2016,183.01,183.33,182.04,182.42,1658476
5/6/2016,181.69,183.15,181.48,183.09,1598600
5/9/2016,182.99,183.68,182.8,183.31,1599549
5/10/2016,184.01,185.57,183.94,185.55,1051421
5/11/2016,185.09,185.43,183.8,183.81,2807788
5/12/2016,184.52,184.67,182.8,183.87,1837604
5/13/2016,183.52,184.11,181.93,182.21,1709167
5/16/2016,182.43,184.54,182.38,184.03,1107871
5/17/2016,183.76,184.05,181.81,182.41,3423962
5/18/2016,181.97,183.62,181.26,182.38,1996147
5/19/2016,181.63,182.06,180.49,181.8,1849771
5/20/2016,182.42,183.47,182.35,182.93,1637016
5/23/2016,182.92,183.21,182.47,182.68,1458399
5/24/2016,183.55,185.37,183.5,185.01,2045841
5/25/2016,185.73,186.74,185.71,186.27,2067691
5/26/2016,186.46,186.68,186.02,186.35,1259978
5/27/2016,186.51,187.14,186.48,187.14,1018620
5/31/2016,187.47,187.57,186.22,186.88,2904036
6/1/2016,186.22,187.37,185.97,187.21,2445315
6/2/2016,186.77,187.77,186.26,187.77,1650373
6/3/2016,187.16,187.56,185.93,187.24,1954949
6/6/2016,187.59,188.49,187.43,188.13,1213391
6/7/2016,188.33,189.03,188.29,188.46,1598401
6/8/2016,188.59,189.2,188.46,189.09,1072793
6/9/2016,188.3,188.94,188.03,188.79,1567796
6/10/2016,187.38,187.73,186.44,186.98,1990840
6/13/2016,186.36,187.28,185.48,185.58,2385976
6/14/2016,185.21,185.8,184.2,185.18,2112751
6/15/2016,185.61,186.3,184.74,184.9,1639031
6/16/2016,184,185.68,183.01,185.5,2827869
6/17/2016,185.46,185.46,184.13,184.81,1752689
6/20/2016,186.87,187.56,185.9,185.99,1228474
6/21/2016,186.43,186.92,185.94,186.5,1870565
6/22/2016,186.73,187.48,186.07,186.21,2297231
6/23/2016,187.77,188.66,187.27,188.64,2641705
6/24/2016,182.38,185.15,181.41,181.75,10570870
6/27/2016,180.5,180.5,177.78,178.54,7914080
6/28/2016,180.31,181.85,179.98,181.84,4587858
6/29/2016,183.32,185.19,183.23,184.97,4252463
6/30/2016,185.44,187.5,184.85,187.47,3918641
7/1/2016,187.36,188.36,187.34,187.84,2225870
7/5/2016,187,187.09,185.86,186.53,2288038
7/6/2016,186,187.75,185.28,187.64,2253403
7/7/2016,187.8,188.48,186.72,187.51,1748064
7/8/2016,188.85,190.54,188.63,190.35,2100357
7/11/2016,190.79,191.57,190.59,191.02,3681237
7/12/2016,191.98,192.67,191.74,192.36,2415410
7/13/2016,192.81,192.81,191.83,192.29,2837298
7/14/2016,193.68,193.9,193.01,193.42,3784261
7/15/2016,194.03,194.03,192.69,193.13,2405808
7/18/2016,193.26,193.84,193.02,193.68,1184134
7/19/2016,193.24,193.5,193,193.47,1028670
7/20/2016,194.02,194.52,193.52,194.25,1124325
7/21/2016,194.16,194.4,193.09,193.52,4623785
7/22/2016,193.72,194.46,193.41,194.41,1721449
7/25/2016,194.19,194.26,193.28,193.95,1202273
7/26/2016,193.8,194.34,193.09,193.94,1440864
7/27/2016,194.38,194.42,192.97,193.81,2173775
7/28/2016,193.59,194.3,193.09,194.03,960907
7/29/2016,193.73,194.68,193.43,194.37,1803120
8/1/2016,194.41,194.78,193.68,194.11,2164873
8/2/2016,193.89,194.04,192.02,192.93,4189125
8/3/2016,192.86,193.53,192.53,193.49,2109541
8/4/2016,193.6,194,193.16,193.67,1419763
8/5/2016,194.42,195.28,194.28,195.23,1864576
8/8/2016,195.47,195.56,194.85,195.13,1476423
8/9/2016,195.25,195.78,194.92,195.26,1867154
8/10/2016,195.4,195.45,194.41,194.76,1252177
8/11/2016,195.37,195.94,195.06,195.72,1686611
8/12/2016,195.38,195.75,195.1,195.53,1762417
8/15/2016,195.94,196.44,195.9,196.1,1077821
8/16/2016,195.66,195.71,195.06,195.07,1773113
8/17/2016,195.11,195.58,194.23,195.4,3237539
8/18/2016,195.43,195.91,195.31,195.87,5342948
8/19/2016,195.4,195.77,194.87,195.59,1220925
8/22/2016,195.36,195.8,194.94,195.57,902652
8/23/2016,196.23,196.54,195.91,195.94,1245166
8/24/2016,195.83,195.92,194.54,194.98,1189807
8/25/2016,194.56,195.27,194.42,194.83,1294579
8/26/2016,195.02,196.1,193.55,194.46,2963721
8/29/2016,194.61,195.69,194.57,195.45,1169424
8/30/2016,195.34,195.62,194.53,195.07,1442911
8/31/2016,194.77,194.88,193.75,194.56,2403137
9/1/2016,194.58,194.85,193.35,194.57,2251626
9/2/2016,195.47,195.88,194.85,195.43,1595120
9/6/2016,195.74,196.09,194.98,196.05,1629803
9/7/2016,195.87,196.2,195.38,196.04,1492252
9/8/2016,195.67,195.97,195.25,195.57,2235621
9/9/2016,194.17,194.27,190.85,190.85,3517404
9/12/2016,190.06,194.05,189.99,193.61,2870979
9/13/2016,192.26,192.52,190.17,190.81,3431541
9/14/2016,190.87,192.14,190.17,190.7,3027812
9/15/2016,190.56,193.07,190.42,192.67,1913275
9/16/2016,192.04,192.2,191.21,191.91,1810980
9/19/2016,192.64,193.28,191.66,191.97,2103880
9/20/2016,192.86,193.03,191.95,191.99,1320708
9/21/2016,192.7,194.32,192,194.15,2285083
9/22/2016,195.21,195.65,194.93,195.31,2261116
9/23/2016,194.93,195.06,194.2,194.27,1442862
9/26/2016,193.46,193.59,192.51,192.72,2502389
9/27/2016,192.54,193.99,192.18,193.89,1498448
9/28/2016,194.16,195.02,193.13,194.93,1449335
9/29/2016,194.68,195.06,192.55,193.11,2105157
9/30/2016,193.99,195.29,193.73,194.66,3212651
10/3/2016,194.16,194.33,193.44,194.04,2178782
10/4/2016,194.23,194.44,192.49,193.14,2905580
10/5/2016,193.75,194.41,193.7,193.94,1150106
10/6/2016,193.72,194.32,193.15,194.17,1136474
10/7/2016,194.39,194.57,192.66,193.45,1832354
10/10/2016,194.41,194.9,194.29,194.35,1324298
10/11/2016,193.98,194.05,191.23,191.98,2697601
10/12/2016,192.14,192.74,191.62,192.22,1488911
10/13/2016,190.87,192.13,189.99,191.61,2456051
10/14/2016,192.66,193.12,191.64,191.65,1244097
10/17/2016,191.66,191.95,190.85,191.09,1350588
10/18/2016,192.71,192.76,191.84,192.21,1289572
10/19/2016,192.5,193.08,192.15,192.74,1062948
10/20/2016,192.38,192.97,191.72,192.43,1336949
10/21/2016,191.57,192.58,191.42,192.48,1404894
10/24/2016,193.36,193.63,192.95,193.26,833897
10/25/2016,193.13,193.38,192.49,192.72,1495273
10/26/2016,191.78,192.86,191.57,192.28,1227220
10/27/2016,193.04,193.07,191.67,191.77,1669260
10/28/2016,191.73,192.41,190.45,191.17,2686596
10/31/2016,191.53,191.76,191.02,191.17,1853911
11/1/2016,191.56,191.57,188.53,189.84,2507537
11/2/2016,189.5,189.88,188.2,188.57,3466027
11/3/2016,188.87,189.08,187.51,187.84,1543495
11/4/2016,187.9,188.79,187.44,187.6,2267600
11/7/2016,190.22,191.76,190.06,191.7,2754789
11/8/2016,191.35,193.17,191.06,192.59,3111739
11/9/2016,190.98,195.29,190.96,194.65,6245769
11/10/2016,195.48,196.37,193.59,195.09,5227959
11/11/2016,194.39,194.91,193.68,194.73,1961296
11/14/2016,195.25,195.44,194.04,194.76,2706261
11/15/2016,195.24,196.35,195.02,196.34,2584949
11/16/2016,195.72,196.23,195.59,196.01,1219953
11/17/2016,196.15,197.04,196.06,196.94,1201224
11/18/2016,197.07,197.23,196.37,196.59,1702868
11/21/2016,197.16,198.07,197.02,198.03,2695866
11/22/2016,198.4,198.62,197.67,198.4,2830824
11/23/2016,198.03,198.6,197.67,198.58,1495958
11/25/2016,198.96,199.37,198.84,199.37,1881300
11/28/2016,198.95,199.24,198.24,198.43,2238391
11/29/2016,198.4,199.22,198.06,198.75,1724634
11/30/2016,199.4,199.55,198.2,198.29,2407922
12/1/2016,198.57,198.6,197.15,197.51,3349433
12/2/2016,197.6,198.12,197.26,197.65,2162945
12/5/2016,198.53,199.17,198.31,198.79,2113602
12/6/2016,199.05,199.48,198.53,199.47,2462918
12/7/2016,199.32,202.13,199.17,202.01,2299941
12/8/2016,202.06,203.07,201.76,202.55,3034587
12/9/2016,202.82,203.8,202.78,203.77,2012750
12/12/2016,203.69,204.18,203.14,203.54,2469402
12/13/2016,204.29,205.44,204.23,204.95,2725395
12/14/2016,204.6,205.34,202.78,203.25,4320663
12/15/2016,203.49,204.99,203.36,204,2867236
12/16/2016,204.58,204.6,203.33,203.64,3137048
12/19/2016,203.87,204.56,203.69,204.11,2083995
12/20/2016,204.68,205.07,204.44,204.9,3261231
12/21/2016,204.82,204.96,204.33,204.33,1578022
12/22/2016,204.22,204.3,203.56,204.07,1890531
12/23/2016,204.04,204.28,203.83,204.25,1297645
12/27/2016,204.54,205.21,204.54,204.76,1844063
12/28/2016,205.06,205.13,203,203.15,2260024
12/29/2016,203.18,203.53,202.6,203.11,1798561
12/30/2016,203.43,203.49,201.6,202.4,4312571
1/3/2017,203.74,204.39,202.65,203.8,4818307
1/4/2017,204.26,205.24,204.18,205.02,4688919
1/5/2017,204.81,205.1,204.07,204.86,2811758
1/6/2017,205.05,206.12,204.46,205.64,2226084
1/9/2017,205.38,205.51,204.94,205.01,1729707
1/10/2017,204.96,205.85,204.57,204.98,2220921
1/11/2017,204.9,205.54,204.18,205.54,5759579
1/12/2017,205.03,205.25,203.6,205.11,3290742
1/13/2017,205.24,205.81,205.19,205.49,2863150
1/17/2017,204.85,205.27,204.39,204.78,1714349
1/18/2017,205.07,205.27,204.48,205.22,2008948
1/19/2017,205.32,205.47,204.03,204.52,1675657
1/20/2017,205.2,205.73,204.62,205.19,2112626
1/23/2017,204.9,205.27,203.89,204.71,4651790
1/24/2017,204.92,206.43,204.81,206,1966809
1/25/2017,207.01,207.77,206.82,207.71,2908535
1/26/2017,207.65,207.9,207.27,207.57,2520834
1/27/2017,207.65,207.76,207.06,207.27,1448711
1/30/2017,206.51,206.55,204.94,206.01,2822376
1/31/2017,205.38,206,204.85,206,3841601
2/1/2017,206.65,206.89,205.41,206.03,2737205
2/2/2017,205.62,206.43,205.28,206.12,1685182
2/3/2017,207.11,207.73,206.8,207.64,4325854
2/6/2017,207.15,207.56,206.87,207.22,1364875
2/7/2017,207.65,207.84,207.02,207.27,1211481
2/8/2017,206.92,207.62,206.66,207.54,1111921
2/9/2017,207.78,209.04,207.74,208.72,1255178
2/10/2017,209.13,209.77,209.01,209.56,1432670
2/13/2017,210.08,210.97,210.04,210.67,1780143
2/14/2017,210.52,211.55,210.13,211.55,2564511
2/15/2017,211.3,212.83,211.27,212.62,2076083
2/16/2017,212.68,212.84,211.69,212.45,1948032
2/17/2017,211.8,212.78,211.75,212.78,1471946
2/21/2017,213.25,214.23,213.18,214.03,1920355
2/22/2017,213.65,214.11,213.48,213.94,1492690
2/23/2017,214.45,214.45,213.23,214.05,1741871
2/24/2017,213.15,214.33,213.09,214.3,1661537
2/27/2017,214.23,214.81,213.95,214.62,1970096
2/28/2017,214.25,214.49,213.65,214,2211307
3/1/2017,215.8,217.53,215.77,217.02,3372478
3/2/2017,216.87,216.9,215.65,215.76,1674437
3/3/2017,215.6,215.99,215.21,215.88,1790838
3/6/2017,214.98,215.55,214.54,215.2,1553015
3/7/2017,214.89,215.23,214.33,214.55,1767820
3/8/2017,214.86,215.1,214,214.1,1810022
3/9/2017,214.24,214.75,213.39,214.32,1658234
3/10/2017,215.45,215.46,214.17,215.07,1846038
3/13/2017,215.08,215.31,214.77,215.2,1408141
3/14/2017,214.68,214.72,213.82,214.47,1448846
3/15/2017,215.03,216.73,214.78,216.26,3407055
3/16/2017,216.49,216.53,215.55,215.9,1735525
3/17/2017,216.19,216.33,215.46,215.46,1611422
3/20/2017,215.49,215.79,214.89,215.27,1050838
3/21/2017,215.9,216.03,212.35,212.52,3515652
3/22/2017,212.52,213.27,211.9,212.96,2625111
3/23/2017,212.74,213.95,212.38,212.74,2460330
3/24/2017,213.07,213.7,211.83,212.67,2673101
3/27/2017,210.83,212.66,210.58,212.32,2103020
3/28/2017,212.1,214.38,211.99,213.9,3086138
3/29/2017,213.65,214.39,213.41,214.21,1765548
3/30/2017,214.1,215.04,213.91,214.79,2519021
3/31/2017,214.48,215.02,214.27,214.27,1344303
4/3/2017,214.43,214.61,212.68,214.01,2871438
4/4/2017,213.64,214.17,213.26,214.13,2505646
4/5/2017,214.81,215.84,213.27,213.47,2328419
4/6/2017,213.64,214.61,213.15,214.03,1649780
4/7/2017,213.79,214.56,213.33,213.84,1853740
4/10/2017,213.99,214.8,213.43,213.99,1324575
4/11/2017,213.56,213.81,212.19,213.72,1804639
4/12/2017,213.42,213.62,212.56,212.84,2021748
4/13/2017,212.44,213.17,211.42,211.42,1824331
4/17/2017,211.95,213.28,211.75,213.27,1763818
4/18/2017,212.49,213.17,211.92,212.69,2722251
4/19/2017,213.24,213.63,212,212.22,2052068
4/20/2017,212.92,214.42,212.56,213.96,2760831
4/21/2017,213.9,213.95,212.87,213.33,2619499
4/24/2017,215.66,215.86,215.14,215.61,2388421
4/25/2017,216.32,217.25,216.2,216.91,1762143
4/26/2017,216.86,217.79,216.71,216.75,2849588
4/27/2017,217.09,217.25,216.37,216.92,1165365
4/28/2017,217.22,217.23,216.34,216.5,1269820
5/1/2017,217.05,217.46,216.55,217.02,1520700
5/2/2017,217.18,217.27,216.67,217.09,2597927
5/3/2017,216.68,217.06,216.15,216.88,1665851
5/4/2017,217.16,217.24,216.22,217.07,1453065
5/5/2017,217.45,217.95,217.01,217.95,1746562
5/8/2017,218.02,218.14,217.46,217.96,2246016
5/9/2017,218.18,218.37,217.33,217.68,1652802
5/10/2017,217.65,218.11,217.44,218.09,1077469
5/11/2017,217.63,217.82,216.52,217.64,1873726
5/12/2017,217.39,217.49,217.01,217.3,1066740
5/15/2017,217.77,218.6,217.72,218.41,1454913
5/16/2017,218.76,218.82,217.89,218.37,2468953
5/17/2017,216.51,216.96,214.34,214.49,3533058
5/18/2017,214.25,216.15,214.06,215.27,2922891
5/19/2017,215.79,217.36,215.73,216.61,2459905
5/22/2017,217.15,217.94,217.13,217.82,1877710
5/23/2017,218.2,218.43,217.79,218.25,1271124
5/24/2017,218.53,218.88,218.17,218.77,1468541
5/25/2017,219.3,220.11,219.08,219.79,1579835
5/26/2017,219.63,219.94,219.54,219.8,1207621
5/30/2017,219.43,219.84,219.29,219.59,1526412
5/31/2017,219.91,219.95,218.8,219.54,2348699
6/1/2017,220.01,221.3,219.73,221.25,2129106
6/2/2017,221.33,222.17,221.02,221.95,1875596
6/5/2017,221.84,222.13,221.66,221.8,1848979
6/6/2017,221.22,221.81,221.05,221.16,1463488
6/7/2017,221.54,221.78,220.79,221.53,1341733
6/8/2017,221.67,222.16,221.09,221.61,1126900
6/9/2017,221.97,222.78,219.97,221.35,2138119
6/12/2017,221.06,221.33,220.38,221.26,1830203
6/13/2017,221.84,222.42,221.49,222.35,2191712
6/14/2017,222.67,222.69,221.23,222.11,1904230
6/15/2017,220.73,221.78,220.38,221.66,2192094
6/16/2017,221.85,221.91,220.8,221.72,1619153
6/19/2017,222.58,223.6,222.47,223.53,1447280
6/20/2017,223.19,223.19,222.03,222.07,1379230
6/21/2017,222.42,222.57,221.49,221.98,1435801
6/22/2017,222.02,222.51,221.72,221.85,1357426
6/23/2017,221.98,222.51,221.58,222.23,1263975
6/26/2017,222.85,223.3,222.1,222.3,1328439
6/27/2017,222.07,222.38,220.51,220.53,3494570
6/28/2017,221.59,222.7,221.36,222.48,2890338
6/29/2017,222.67,222.78,219.29,220.56,4636104
6/30/2017,221.43,221.77,220.73,220.92,2997635
7/3/2017,221.95,222.39,221.33,221.41,1771518
7/5/2017,221.7,222.03,220.86,221.8,2053370
7/6/2017,221.02,221.11,219.59,219.81,2554332
7/7/2017,220.39,221.38,220.25,221.2,2159148
7/10/2017,221.06,221.85,220.9,221.43,1809472
7/11/2017,221.28,221.62,220.09,221.26,1647243
7/12/2017,222.33,223.13,222.33,222.92,1499476
7/13/2017,223.01,223.46,222.75,223.3,1493359
7/14/2017,223.37,224.74,223.24,224.32,1650849
7/17/2017,224.3,224.71,224.19,224.35,1182221
7/18/2017,223.98,224.54,223.58,224.52,3162106
7/19/2017,224.82,225.7,224.8,225.7,1261749
7/20/2017,225.97,226.09,225.24,225.77,1704940
7/21/2017,225.2,225.62,224.95,225.61,2474433
7/24/2017,225.51,225.67,225.06,225.53,1284364
7/25/2017,226.35,226.43,225.86,226.07,1354892
7/26/2017,226.41,226.43,225.82,226.14,1582232
7/27/2017,226.59,226.62,224.5,225.87,1842401
7/28/2017,225.38,225.76,224.93,225.61,2376281
7/31/2017,226.07,226.14,225.28,225.48,3035566
8/1/2017,226.14,226.16,225.52,225.99,1681499
8/2/2017,226.15,226.26,225.13,226.12,1899243
8/3/2017,226.02,226.02,225.39,225.72,1272891
8/4/2017,226.21,226.43,225.68,226.1,1045178
8/7/2017,226.17,226.5,226.04,226.47,849288
8/8/2017,226.18,227.45,225.57,226.02,1070537
8/9/2017,225.19,225.99,224.84,225.89,1542385
8/10/2017,225.08,225.19,222.71,222.78,3054762
8/11/2017,222.98,223.67,222.73,223.08,1592547
8/14/2017,224.41,225.51,224.41,225.27,2212970
8/15/2017,225.68,225.71,224.94,225.29,1316202
8/16/2017,225.79,226.23,225.21,225.65,1537379
8/17/2017,225.03,225.34,222.14,222.14,3408315
8/18/2017,221.95,223.12,221.31,221.73,2704960
8/21/2017,221.71,222.22,220.98,222,1287953
8/22/2017,222.58,224.45,222.55,224.25,1463027
8/23/2017,223.31,223.91,223.11,223.48,1470730
8/24/2017,223.89,224.02,222.74,222.96,1352273
8/25/2017,223.8,224.43,223.32,223.45,1227076
8/28/2017,224.01,224.06,223.04,223.53,792484
8/29/2017,222.11,224.01,222.01,223.7,1401372
8/30/2017,223.71,225.08,223.54,224.81,1375531
8/31/2017,225.47,226.42,225.39,226.14,2213972
9/1/2017,226.6,226.94,226.35,226.53,1400888
9/5/2017,225.94,226.19,223.83,224.85,2233897
9/6/2017,225.6,225.98,225.04,225.64,1531123
9/7/2017,225.97,225.97,225.18,225.59,1628627
9/8/2017,225.29,225.82,225.09,225.24,1906599
9/11/2017,226.68,227.84,226.67,227.7,1615491
9/12/2017,228.15,228.55,227.96,228.54,1542891
9/13/2017,228.2,228.67,228.11,228.67,1160913
9/14/2017,228.3,228.76,228.14,228.6,1863609
9/15/2017,228.45,228.95,228.32,228.91,1426978
9/18/2017,229.28,229.72,228.95,229.31,1329350
9/19/2017,229.61,229.67,229.26,229.59,1303579
9/20/2017,229.68,229.78,228.63,229.72,1850312
9/21/2017,229.54,229.58,228.87,229.07,1899305
9/22/2017,228.75,229.26,228.72,229.04,1599223
9/25/2017,228.82,229.2,227.86,228.7,1523493
9/26/2017,229.09,229.32,228.53,228.78,2335044
9/27/2017,229.53,230.063,228.597,229.67,2103652
9/28/2017,229.36,230.01,229.29,229.94,1084001
9/29/2017,229.91,230.83,229.74,230.76,1726186
10/2/2017,231,231.73,230.91,231.73,1960080
10/3/2017,231.9,232.25,231.67,232.2,1316010
10/4/2017,232.12,232.78,231.977,232.52,1006990
10/5/2017,232.86,233.93,232.76,233.9,1465127
10/6/2017,233.46,233.7,233.18,233.68,1101343
10/9/2017,233.479,233.661,232.98,233.27,768438
10/10/2017,233.84,234.253,233.29,233.86,1027634
10/11/2017,233.74,234.24,233.6,234.24,1031467
10/12/2017,233.87,234.27,233.64,233.88,1079399
10/13/2017,234.37,234.37,234.02,234.14,1067871
10/16/2017,234.41,234.69,234.041,234.51,1767453
10/17/2017,234.47,234.69,234.22,234.66,1332411
10/18/2017,235.06,235.09,234.68,234.87,1527797
10/19/2017,234.03,234.99,233.62,234.99,1653619
10/20/2017,235.8,236.185,235.53,236.16,1296314
10/23/2017,236.49,236.49,235.152,235.3,1100540
10/24/2017,235.68,235.89,235.27,235.63,1817973
10/25/2017,235.3,235.41,233.291,234.5,1943399
10/26/2017,235.1,235.41,234.67,234.72,3297406
10/27/2017,235.63,236.88,235.3,236.72,2824985
10/30/2017,236.13,236.615,235.533,235.86,1292843
10/31/2017,236.26,236.47,235.9,236.13,1357471
11/1/2017,237.03,237.39,236.13,236.54,2077841
11/2/2017,236.45,236.765,235.32,236.64,1907593
11/3/2017,236.83,237.44,236.34,237.43,1934271
11/6/2017,237.24,237.89,237.21,237.79,1688740
11/7/2017,237.89,238.22,237.11,237.69,1499080
11/8/2017,237.41,238.12,237.15,238.04,4710976
11/9/2017,236.73,237.337,235.48,237.18,1644178
11/10/2017,236.72,237.18,236.4,237.04,1018957
